business_name,website,industry,places_category,brampton_evidence,source,source_urls,place_id,phone_places,rating_places,reviews_places,date_accessed,search_category,date_tested,lighthouse_source,lighthouse_version,lighthouse_fetch_time,lighthouse_error,lighthouse_performance,lighthouse_accessibility,lighthouse_best_practices,lighthouse_seo,lcp,fcp,tbt,cls,page_size,request_count,https,cms,cdn,analytics_detected,gtm_detected,ga4_detected,schema_present,localbusiness_schema,address_present,phone_present,brampton_location_present,service_pages_present,contact_form,click_to_call,booking,primary_cta,reviews_testimonials,business_hours,xml_sitemap,robots_txt,canonical,title_tag,meta_description,h1,indexable_homepage,mobile_viewport,mobile_issues,images_without_alt,accessibility_auto_issues,faq_present,blog_present,pricing_present,trust_indicators,inspect_ok,inspect_status,inspect_error,notes
Salvaggio Dentistry,https://www.salvaggiodentistry.ca/,Dental/medical,Dentist,"9055 Airport Rd Ste 3-6, Brampton, ON L6S 0B8, Canada","Google Places Text Search: ""dentists in Brampton, ON""",https://maps.google.com/?cid=11722624634594057510&g_mp=Cidnb29nbGUubWFwcy5wbGFjZXMudjEuUGxhY2VzLlNlYXJjaFRleHQQAhgEIAA,ChIJFa4neAA9K4gRJt04_P4gr6I,(289) 569-0721,4.7,1225,2026-09-11,dentists,2026-09-11,PageSpeed Insights API v5 (mobile),13.4.1,2026-09-11T19:19:53.540Z,,34,85,96,100,17.3,9.7,298,0.307,3510811,95,true,not identified,not identified,true,true,true,true,true,true,true,true,false,true,true,on-site booking CTA,contact us,true,true,true,true,true,true,true,true,true,true,false,1,Buttons do not have an accessible name; Background and foreground colors do not have a sufficient contrast ratio.; Links do not have a discernible name,false,true,false,false,true,200,,
Dr. Sonia Sharma,http://www.drsoniasharma.com/,Dental/medical,Dental Clinic,"3078 Mayfield Rd, Brampton, ON L6Z 0E3, Canada","Google Places Text Search: ""dentists in Brampton, ON""",https://maps.google.com/?cid=9266041622701237996&g_mp=Cidnb29nbGUubWFwcy5wbGFjZXMudjEuUGxhY2VzLlNlYXJjaFRleHQQAhgEIAA,ChIJCSndb7YWK4gR7GYXI8OXl4A,(905) 840-3456,4.9,900,2026-09-11,dentists,2026-09-11,not available,not available,not available,timed out,not available,not available,not available,not available,not available,not available,not available,not available,75193,not available,false,not identified,not identified,true,false,true,false,false,false,false,false,false,false,false,,,false,false,false,false,false,true,false,true,false,true,false,0,not available,false,false,false,false,false,403,,timed out
Dr Sandhu,https://drssandhu.com/,Dental/medical,Dentist,"2260 Bovaird Dr E Unit#119 & 120, Brampton, ON L6R 3J5, Canada","Google Places Text Search: ""dentists in Brampton, ON""",https://maps.google.com/?cid=13211846724535052087&g_mp=Cidnb29nbGUubWFwcy5wbGFjZXMudjEuUGxhY2VzLlNlYXJjaFRleHQQAhgEIAA,ChIJKZDTTX49K4gRN-fRupjoWbc,(905) 789-8266,4.8,599,2026-09-11,dentists,2026-09-11,not available,not available,not available,timed out,not available,not available,not available,not available,not available,not available,not available,not available,236750,not available,true,GoDaddy,not identified,true,false,true,false,false,true,true,true,false,false,false,,contact us,false,false,true,true,true,true,false,true,true,true,false,8,not available,false,true,false,false,true,200,,timed out
Castlemore Dental,http://www.castlemoredental.ca/,Dental/medical,Dentist,"9980 Airport Rd #7, Brampton, ON L6S 0C5, Canada","Google Places Text Search: ""dentists in Brampton, ON""",https://maps.google.com/?cid=18107514542599193797&g_mp=Cidnb29nbGUubWFwcy5wbGFjZXMudjEuUGxhY2VzLlNlYXJjaFRleHQQAhgEIAA,ChIJ14qMmWs9K4gRxUTY7InQSvs,(905) 654-2273,4.9,518,2026-09-11,dentists,2026-09-11,PageSpeed Insights API v5 (mobile),13.4.1,2026-09-11T18:14:12.805Z,,60,93,96,58,16.6,4.4,1,0.013,3767751,83,true,WordPress,Google,true,false,true,true,false,true,true,true,true,false,true,on-site booking CTA,contact us,false,true,true,true,false,true,true,true,false,true,false,2,Background and foreground colors do not have a sufficient contrast ratio.; Heading elements are not in a sequentially-descending order; Document does not have a main landmark.,false,true,false,false,true,200,,
Braydon Dental Care,https://braydondentalcare.com/?utm_source=google&utm_content=gbp,Dental/medical,Dentist,"65 Braydon Blvd #8, Brampton, ON L6P 2S4, Canada","Google Places Text Search: ""dentists in Brampton, ON""",https://maps.google.com/?cid=3311779518610144628&g_mp=Cidnb29nbGUubWFwcy5wbGFjZXMudjEuUGxhY2VzLlNlYXJjaFRleHQQAhgEIAA,ChIJN-N80Vs9K4gRdP0r9ezN9S0,(905) 799-9907,4.8,442,2026-09-11,dentists,2026-09-11,PageSpeed Insights API v5 (mobile),13.4.1,2026-09-11T18:14:37.798Z,,69,96,96,100,4.5,2.8,180,0.179,18778498,37,true,not identified,Cloudflare,true,true,true,true,true,true,true,true,false,true,true,on-site booking CTA,call now,false,true,true,true,true,true,true,true,true,true,false,0,Background and foreground colors do not have a sufficient contrast ratio.; Heading elements are not in a sequentially-descending order; SVG elements with an `img` role do not have an accessible text alternative,true,true,true,false,true,200,,
North Park Family Dental Care,https://www.porterdentistry.ca/?utm_source=google&utm_medium=google_business_profile&utm_campaign=website_click,Dental/medical,Dentist,"9886 Torbram Rd Unit 101 & 102, Brampton, ON L6S 3L9, Canada","Google Places Text Search: ""dentists in Brampton, ON""",https://maps.google.com/?cid=9048869651078488886&g_mp=Cidnb29nbGUubWFwcy5wbGFjZXMudjEuUGxhY2VzLlNlYXJjaFRleHQQAhgEIAA,ChIJVQB_pHc9K4gRNqNYMwELlH0,(905) 789-8116,4.9,422,2026-09-11,dentists,2026-09-11,PageSpeed Insights API v5 (mobile),13.4.1,2026-09-11T18:15:03.466Z,,42,74,54,92,12.7,4.2,664,0.005,3134790,79,true,not identified,Cloudflare,true,false,true,true,true,true,true,true,true,true,true,,contact us,true,true,true,true,true,true,true,true,true,true,false,0,`[aria-*]` attributes do not match their roles; `[aria-*]` attributes do not have valid values; Buttons do not have an accessible name; Background and foreground colors do not have a sufficient contrast ratio.; `<frame>` or `<iframe>` elements do not have a title; Heading elements are not in a sequentially-descending order; Links do not have a discernible name,false,true,false,true,true,200,,
Five Senses Spa,http://fivesenseswellness.com/,Dental/medical,Spa,"125 Chrysler Dr #8, Brampton, ON L6S 6L1, Canada","Google Places Text Search: ""chiropractors in Brampton, ON""",https://maps.google.com/?cid=3582840744435962113&g_mp=Cidnb29nbGUubWFwcy5wbGFjZXMudjEuUGxhY2VzLlNlYXJjaFRleHQQAhgEIAA,ChIJ8VtIw6g9K4gRAdHmoqzOuDE,(905) 487-0973,4.5,1282,2026-09-11,chiropractors,2026-09-11,not available,not available,not available,timed out,not available,not available,not available,not available,not available,not available,not available,not available,1450829,not available,true,WordPress,not identified,true,false,true,true,true,true,true,true,true,false,false,third-party booking,book now,false,true,true,true,true,true,true,true,true,true,false,0,not available,true,true,false,false,true,200,,timed out
Justine Blainey Wellness Centre,https://www.blaineywellness.com/?schedule_source=GMB,Dental/medical,Chiropractor,"220 Wexford Rd Unit 2, Brampton, ON L6Z 4N7, Canada","Google Places Text Search: ""chiropractors in Brampton, ON""",https://maps.google.com/?cid=16322956045715254739&g_mp=Cidnb29nbGUubWFwcy5wbGFjZXMudjEuUGxhY2VzLlNlYXJjaFRleHQQAhgEIAA,ChIJfeXLgX4WK4gR0y0sdQrKhuI,(905) 840-9355,4.7,1240,2026-09-11,chiropractors,2026-09-11,not available,not available,not available,timed out,not available,not available,not available,not available,not available,not available,not available,not available,92630,not available,true,WordPress,not identified,true,true,true,true,true,true,true,true,true,false,true,,call now,false,true,true,true,true,true,false,false,true,true,false,1,not available,true,true,false,true,true,200,,timed out
Infinite Motion Health,https://infinitemotion.ca/,Dental/medical,Chiropractor,"4 Abacus Rd Unit 1, Brampton, ON L6T 5J6, Canada","Google Places Text Search: ""chiropractors in Brampton, ON""",https://maps.google.com/?cid=14116834699734666209&g_mp=Cidnb29nbGUubWFwcy5wbGFjZXMudjEuUGxhY2VzLlNlYXJjaFRleHQQAhgEIAA,ChIJ29Ld3g89K4gR4cuXfl0S6cM,(647) 767-5889,5,1097,2026-09-11,chiropractors,2026-09-11,PageSpeed Insights API v5 (mobile),13.4.1,2026-09-11T18:17:43.310Z,,42,69,73,85,27.3,2.9,911,0.004,5265538,94,true,WordPress,not identified,true,false,true,false,false,false,true,false,false,true,true,on-site booking CTA,call now,false,false,true,true,true,true,false,false,true,true,false,1,"Background and foreground colors do not have a sufficient contrast ratio.; `<frame>` or `<iframe>` elements do not have a title; Image elements do not have `[alt]` attributes; Links do not have a discernible name; `[user-scalable=""no""]` is used in the `<meta name=""viewport"">` element or the `[maximum-scale]` attribute is less than 5.",true,false,false,true,true,200,,
Complete Physio & Sports Rehab,http://www.completephysiorehab.ca/,Dental/medical,Physical Therapist,"2250 Bovaird Dr E Unit 112, Brampton, ON L6R 0W3, Canada","Google Places Text Search: ""physiotherapy in Brampton, ON""",https://maps.google.com/?cid=8965107739401104883&g_mp=Cidnb29nbGUubWFwcy5wbGFjZXMudjEuUGxhY2VzLlNlYXJjaFRleHQQAhgEIAA,ChIJ-6gimbw9K4gR860bZP11anw,(905) 595-2848,4.9,731,2026-09-11,physiotherapy,2026-09-11,PageSpeed Insights API v5 (mobile),13.4.1,2026-09-11T18:18:09.578Z,,79,95,92,92,4.4,1.1,46,0.146,630529,31,true,WordPress,not identified,true,false,true,true,false,true,true,true,false,true,true,,contact us,false,true,true,true,true,true,true,false,true,true,false,0,"`[user-scalable=""no""]` is used in the `<meta name=""viewport"">` element or the `[maximum-scale]` attribute is less than 5.",false,false,false,false,true,200,,
Sandalwood Physiotherapy & Wellness,http://www.sandalwoodphysio.com/,Dental/medical,Physical Therapist,"23 Conservation Dr Unit 3, Brampton, ON L6Z 4R3, Canada","Google Places Text Search: ""physiotherapy in Brampton, ON""",https://maps.google.com/?cid=7382098380759580036&g_mp=Cidnb29nbGUubWFwcy5wbGFjZXMudjEuUGxhY2VzLlNlYXJjaFRleHQQAhgEIAA,ChIJL7hlXqQWK4gRhD0pgl17cmY,(905) 840-8111,4.8,652,2026-09-11,physiotherapy,2026-09-11,PageSpeed Insights API v5 (mobile),13.4.1,2026-09-11T18:18:28.450Z,,76,82,100,100,3,3,223,0.001,3432987,165,true,WordPress,Cloudflare; Google,true,false,true,true,false,true,true,true,true,false,true,on-site booking CTA,contact us,false,true,true,true,true,true,true,true,true,true,false,0,"Background and foreground colors do not have a sufficient contrast ratio.; Heading elements are not in a sequentially-descending order; Links do not have a discernible name; `[user-scalable=""no""]` is used in the `<meta name=""viewport"">` element or the `[maximum-scale]` attribute is less than 5.",false,true,false,true,true,200,,
Eye Optical - Brampton (Airport Road),https://www.eyeopticalstore.com/?utm_source=google&utm_medium=organic&utm_campaign=gmb-listing,Dental/medical,Health,"60 Maritime Ontario Blvd #37, Brampton, ON L6S 0E7, Canada","Google Places Text Search: ""optometrists in Brampton, ON""",https://maps.google.com/?cid=6012411253444171461&g_mp=Cidnb29nbGUubWFwcy5wbGFjZXMudjEuUGxhY2VzLlNlYXJjaFRleHQQAhgEIAA,ChIJWf845gE9K4gRxdYZDS5gcFM,(905) 232-6800,4.9,2662,2026-09-11,optometrists,2026-09-11,PageSpeed Insights API v5 (mobile),13.4.1,2026-09-11T19:24:41.446Z,,52,75,100,77,5.3,3.7,481,0.036,7200052,245,true,WordPress,Cloudflare,true,true,true,true,true,true,true,true,true,true,true,on-site booking CTA,contact us,true,false,true,false,true,true,true,true,true,true,false,2,Elements with an ARIA `[role]` that require children to contain a specific `[role]` are missing some or all of those required children.; Background and foreground colors do not have a sufficient contrast ratio.; `<frame>` or `<iframe>` elements do not have a title; Image elements do not have `[alt]` attributes; Links do not have a discernible name; Select elements do not have associated label elements.; Skip links are not focusable.; Document does not have a main landmark.,false,true,false,false,true,200,,
Image Optical | Eye Doctor & Eye Exams Brampton,http://www.imageoptical.ca/?utm_source=google&utm_medium=organic&utm_campaign=nm_gbp_website&utm_content=website_button,Dental/medical,Medical Clinic,"55 Mountainash Rd #7, Brampton, ON L6R 1W4, Canada","Google Places Text Search: ""optometrists in Brampton, ON""",https://maps.google.com/?cid=15073210935749603294&g_mp=Cidnb29nbGUubWFwcy5wbGFjZXMudjEuUGxhY2VzLlNlYXJjaFRleHQQAhgEIAA,ChIJSyu2qGU9K4gR3m_jGXzNLtE,(905) 494-1880,4.9,862,2026-09-11,optometrists,2026-09-11,PageSpeed Insights API v5 (mobile),13.4.1,2026-09-11T19:25:31.563Z,,52,85,59,100,19.2,4.4,384,0,3343492,62,true,WordPress,Cloudflare,true,false,true,true,true,true,true,true,true,false,true,on-site booking CTA,book online,true,true,true,true,true,true,true,true,true,true,false,38,`[aria-*]` attributes do not match their roles; Background and foreground colors do not have a sufficient contrast ratio.; `<frame>` or `<iframe>` elements do not have a title; Links do not have a discernible name,false,true,false,false,true,200,,
Eyeology Optometry & Eyewear,https://eyeology.com/,Dental/medical,Health,"1098 Peter Robertson Blvd Unit 6, Brampton, ON L6R 3A5, Canada","Google Places Text Search: ""optometrists in Brampton, ON""",https://maps.google.com/?cid=2134419952958913533&g_mp=Cidnb29nbGUubWFwcy5wbGFjZXMudjEuUGxhY2VzLlNlYXJjaFRleHQQAhgEIAA,ChIJWVS6fDM9K4gR_TufeaP7nh0,(905) 230-3937,4.9,818,2026-09-11,optometrists,2026-09-11,PageSpeed Insights API v5 (mobile),13.4.1,2026-09-11T18:21:20.152Z,,67,96,92,100,7.6,2.6,231,0.001,1206176,20,true,not identified,Google,true,false,true,true,true,true,false,false,false,true,false,on-site booking CTA,book now,false,false,true,true,true,true,true,true,true,true,false,0,Background and foreground colors do not have a sufficient contrast ratio.,false,true,false,true,true,200,,
"Kahlon Law Office - Arshdeep Singh Kahlon, Barrister and Solicitor",http://www.akahlon.ca/,Legal,Attorney,"1B, Conestoga Dr Ste 200, Brampton, ON L6Z 4N5, Canada","Google Places Text Search: ""lawyers in Brampton, ON""",https://maps.google.com/?cid=15226285544442733785&g_mp=Cidnb29nbGUubWFwcy5wbGFjZXMudjEuUGxhY2VzLlNlYXJjaFRleHQQAhgEIAA,ChIJwyE0hcUXK4gR2aQsxQeiTtM,(647) 450-0000,4.8,665,2026-09-11,lawyers,2026-09-11,PageSpeed Insights API v5 (mobile),13.4.1,2026-09-11T18:21:36.230Z,,72,83,100,83,5,3.5,61,0.012,1081960,80,true,not identified,not identified,false,false,false,false,false,false,false,false,false,false,false,,,false,false,true,false,false,true,false,false,true,true,false,0,Buttons do not have an accessible name; Background and foreground colors do not have a sufficient contrast ratio.; Heading elements are not in a sequentially-descending order; Links do not have a discernible name,false,false,false,false,true,200,,
"LawDen - Kunal Kapoor Law Professional Corporation - Barrister, Solicitor & Notary Public",http://www.lawden.ca/,Legal,Consultant,"32 Camberley Crescent, Brampton, ON L6V 3L4, Canada","Google Places Text Search: ""lawyers in Brampton, ON""",https://maps.google.com/?cid=15487388012025614200&g_mp=Cidnb29nbGUubWFwcy5wbGFjZXMudjEuUGxhY2VzLlNlYXJjaFRleHQQAhgEIAA,ChIJTfPDuxYKyYoReA9uW1dB7tY,(437) 232-7744,5,405,2026-09-11,lawyers,2026-09-11,PageSpeed Insights API v5 (mobile),13.4.1,2026-09-11T18:22:04.044Z,,60,81,96,75,13.6,2.1,240,0,3681481,29,true,not identified,not identified,true,false,true,false,false,true,true,true,true,false,true,,,false,false,true,false,true,true,true,true,true,true,false,1,Background and foreground colors do not have a sufficient contrast ratio.; Image elements do not have `[alt]` attributes; Links do not have a discernible name; Touch targets do not have sufficient size or spacing.; Document does not have a main landmark.,false,false,false,false,true,200,,
Patel Law Firm,https://www.patellawfirm.ca/,Legal,Consultant,"60 Queen St E L06, Brampton, ON L6V 1A9, Canada","Google Places Text Search: ""lawyers in Brampton, ON""",https://maps.google.com/?cid=11473078432602209109&g_mp=Cidnb29nbGUubWFwcy5wbGFjZXMudjEuUGxhY2VzLlNlYXJjaFRleHQQAhgEIAA,ChIJacSFlpYVK4gRVTtzJwyQOJ8,(905) 872-7906,4.9,308,2026-09-11,lawyers,2026-09-11,PageSpeed Insights API v5 (mobile),13.4.1,2026-09-11T19:25:54.120Z,,62,100,100,100,9.4,4.4,98,0,1355014,41,true,Squarespace,not identified,true,false,true,true,true,true,true,true,true,false,true,,contact us,false,true,true,true,true,true,true,false,true,true,false,0,,false,false,false,false,true,200,,
Rathod Law Firm,https://www.rathodlaw.com/,Legal,Attorney,"2250 Bovaird Dr E #106, Brampton, ON L6R 0W3, Canada","Google Places Text Search: ""lawyers in Brampton, ON""",https://maps.google.com/?cid=5375907589935314419&g_mp=Cidnb29nbGUubWFwcy5wbGFjZXMudjEuUGxhY2VzLlNlYXJjaFRleHQQAhgEIAA,ChIJ12tqVq9lcVMR87VrY3gPm0o,(647) 372-1983,4.7,299,2026-09-11,lawyers,2026-09-11,PageSpeed Insights API v5 (mobile),13.4.1,2026-09-11T18:23:38.351Z,,96,96,100,100,2.1,1.5,0,0,1164952,20,true,not identified,not identified,true,false,true,true,false,true,true,true,false,false,true,,,true,true,true,true,true,true,true,true,true,true,false,0,Background and foreground colors do not have a sufficient contrast ratio.,true,true,false,true,true,200,,
Anita Perera Law Professional Corp. Lawyers & Notary Public,https://anitapereralaw.ca/,Legal,Consultant,"2260 Bovaird Dr E Unit 121, Brampton, ON L6R 0W3, Canada","Google Places Text Search: ""lawyers in Brampton, ON""",https://maps.google.com/?cid=14490317132764252770&g_mp=Cidnb29nbGUubWFwcy5wbGFjZXMudjEuUGxhY2VzLlNlYXJjaFRleHQQAhgEIAA,ChIJtdpD0vU9K4gRYoorxajyF8k,(647) 460-9143,4.8,271,2026-09-11,lawyers,2026-09-11,PageSpeed Insights API v5 (mobile),13.4.1,2026-09-11T19:26:10.317Z,,69,92,100,100,5.4,3,0,0.005,722328,28,true,not identified,not identified,true,false,true,false,false,false,false,false,false,false,false,,,false,false,false,false,false,true,false,true,false,true,false,0,`<frame>` or `<iframe>` elements do not have a title; Links do not have a discernible name,false,false,false,false,false,403,,
Mandeep Saggi Criminal Lawyer Brampton,https://saggilawfirm.com/,Legal,Attorney,"2250 Bovaird Dr E Unit 401, Brampton, ON L6R 0W3, Canada","Google Places Text Search: ""lawyers in Brampton, ON""",https://maps.google.com/?cid=7045948813196657936&g_mp=Cidnb29nbGUubWFwcy5wbGFjZXMudjEuUGxhY2VzLlNlYXJjaFRleHQQAhgEIAA,ChIJi5zmlM00K4gREAUsVB09yGE,(647) 983-6720,4.7,251,2026-09-11,lawyers,2026-09-11,PageSpeed Insights API v5 (mobile),13.4.1,2026-09-11T18:23:54.876Z,,72,86,96,92,7.1,1.7,22,0,1127905,94,true,WordPress,Google,true,false,true,true,true,true,true,true,false,true,true,,contact us,false,true,true,true,true,true,true,true,true,true,false,0,Background and foreground colors do not have a sufficient contrast ratio.; Heading elements are not in a sequentially-descending order; Links rely on color to be distinguishable.; Links do not have a discernible name; Skip links are not focusable.; Document does not have a main landmark.,true,true,false,false,true,200,,
Ahuja Law Professional Corporation,http://www.ahujalawpc.ca/,Legal,Consultant,"2565 Steeles Ave E #32, Brampton, ON L6T 4L6, Canada","Google Places Text Search: ""lawyers in Brampton, ON""",https://maps.google.com/?cid=16994558542695145971&g_mp=Cidnb29nbGUubWFwcy5wbGFjZXMudjEuUGxhY2VzLlNlYXJjaFRleHQQAhgEIAA,ChIJHXTvXWc9K4gR86HsG_TM2Os,(647) 963-0075,5,226,2026-09-11,lawyers,2026-09-11,PageSpeed Insights API v5 (mobile),13.4.1,2026-09-11T18:24:15.454Z,,86,91,96,92,3.9,0.9,97,0.061,1755174,73,true,GoDaddy,not identified,true,false,true,false,false,false,false,false,false,true,false,,contact us,false,false,true,true,false,true,false,true,true,true,false,0,Heading elements are not in a sequentially-descending order; Links rely on color to be distinguishable.; Links do not have a discernible name,false,false,false,false,true,200,,
Gupta Law Firm,http://guptalaw.ca/,Legal,Consultant,"2250 Bovaird Dr E #314, Brampton, ON L6R 0W3, Canada","Google Places Text Search: ""lawyers in Brampton, ON""",https://maps.google.com/?cid=7941147280837391677&g_mp=Cidnb29nbGUubWFwcy5wbGFjZXMudjEuUGxhY2VzLlNlYXJjaFRleHQQAhgEIAA,ChIJn3_WKF0vK4gRPTVfv2CfNG4,(416) 999-6665,5,215,2026-09-11,lawyers,2026-09-11,PageSpeed Insights API v5 (mobile),13.4.1,2026-09-11T19:26:34.676Z,,64,96,81,85,8.4,3.6,0,0,1374484,76,true,WordPress,not identified,true,false,true,false,false,true,true,true,false,false,true,,call now,false,false,true,true,true,true,false,true,true,true,false,0,Links do not have a discernible name,false,false,false,false,true,200,,
Tax Mobile,https://www.taxmobilecanada.com/,Accounting,Consultant,"37 Crocker Dr, Brampton, ON L6P 1M8, Canada","Google Places Text Search: ""accountants in Brampton, ON""",https://maps.google.com/?cid=6245343611505357673&g_mp=Cidnb29nbGUubWFwcy5wbGFjZXMudjEuUGxhY2VzLlNlYXJjaFRleHQQAhgEIAA,ChIJ602kL9YVK4gRaTMI6Ozqq1Y,(647) 261-9361,5,1904,2026-09-11,accountants,2026-09-11,PageSpeed Insights API v5 (mobile),13.4.1,2026-09-11T18:26:09.497Z,,56,98,73,92,13.7,7.4,151,0,2110122,102,true,WordPress,Google,true,false,true,false,false,true,true,true,false,false,true,,contact us,true,true,false,true,true,true,false,false,true,true,false,0,Document does not have a main landmark.,true,false,false,false,true,200,,
GM TAX AND ACCOUNTING,https://gmtax.ca/,Accounting,Consultant,"49 Hubbell Rd, Brampton, ON L6Y 1P3, Canada","Google Places Text Search: ""accountants in Brampton, ON""",https://maps.google.com/?cid=3082049595512534412&g_mp=Cidnb29nbGUubWFwcy5wbGFjZXMudjEuUGxhY2VzLlNlYXJjaFRleHQQAhgEIAA,ChIJQ-i5wClrK4gRjDWpGMejxSo,(416) 906-7889,5,731,2026-09-11,accountants,2026-09-11,PageSpeed Insights API v5 (mobile),13.4.1,2026-09-11T18:26:33.444Z,,66,89,100,92,5.3,3.1,0,0,6141146,48,true,WordPress,Google,true,false,true,false,false,true,true,true,true,false,true,,contact us,false,true,true,true,true,true,false,false,true,true,false,0,Background and foreground colors do not have a sufficient contrast ratio.; Heading elements are not in a sequentially-descending order; Links rely on color to be distinguishable.; Links do not have a discernible name,false,false,false,true,true,200,,
Bajaj Tax & Accounting Inc.,http://bajajtax.ca/,Accounting,Consultant,"7916 Hurontario St #25, Brampton, ON L6Y 0P6, Canada","Google Places Text Search: ""accountants in Brampton, ON""",https://maps.google.com/?cid=3537627507631466876&g_mp=Cidnb29nbGUubWFwcy5wbGFjZXMudjEuUGxhY2VzLlNlYXJjaFRleHQQAhgEIAA,ChIJM5NWVNA_K4gRfCkGnHktGDE,(905) 452-0945,4.9,628,2026-09-11,accountants,2026-09-11,PageSpeed Insights API v5 (mobile),13.4.1,2026-09-11T18:26:58.687Z,,60,93,96,92,10.2,5.9,0,0,2221120,76,true,WordPress,Google,true,false,true,false,false,true,true,true,true,true,true,,,false,false,true,true,true,true,false,false,true,true,false,0,Links do not have a discernible name; Skip links are not focusable.; Document does not have a main landmark.,true,true,false,true,true,200,,
My Tax Solutions,http://www.mytaxsolutions.ca/,Accounting,Consultant,"90 Eastern Ave #21, Brampton, ON L6W 0B6, Canada","Google Places Text Search: ""accountants in Brampton, ON""",https://maps.google.com/?cid=11828437157723349076&g_mp=Cidnb29nbGUubWFwcy5wbGFjZXMudjEuUGxhY2VzLlNlYXJjaFRleHQQAhgEIAA,ChIJnWpGnrkVK4gRVKAh2uwMJ6Q,(905) 866-2829,4.9,489,2026-09-11,accountants,2026-09-11,PageSpeed Insights API v5 (mobile),13.4.1,2026-09-11T18:27:17.303Z,,53,89,96,92,9.2,3.4,332,0,4586204,227,true,Wix,not identified,true,false,true,true,false,true,true,true,true,false,true,,contact us,false,false,true,true,true,true,true,true,true,true,false,0,Background and foreground colors do not have a sufficient contrast ratio.; Links do not have a discernible name; Touch targets do not have sufficient size or spacing.,false,false,false,true,true,200,,
Tax Tree Inc,http://taxtree.ca/,Accounting,Consultant,"80 Queen Mary Dr, Brampton, ON L7A 2K3, Canada","Google Places Text Search: ""accountants in Brampton, ON""",https://maps.google.com/?cid=12854785452268669397&g_mp=Cidnb29nbGUubWFwcy5wbGFjZXMudjEuUGxhY2VzLlNlYXJjaFRleHQQAhgEIAA,ChIJTXF2gvkVK4gR1UlV4kJfZbI,(647) 236-8585,4.8,464,2026-09-11,accountants,2026-09-11,PageSpeed Insights API v5 (mobile),13.4.1,2026-09-11T19:27:29.552Z,,55,74,74,85,29.8,14.3,44,0.022,5635799,122,true,WordPress,not identified,true,true,true,true,true,true,true,true,true,false,true,,contact us,false,true,true,true,true,true,true,true,true,true,false,0,Buttons do not have an accessible name; Background and foreground colors do not have a sufficient contrast ratio.; Heading elements are not in a sequentially-descending order; Links rely on color to be distinguishable.; Links do not have a discernible name; Document does not have a main landmark.,false,true,false,true,true,200,,
Save Tax Solutions Brampton,https://savetaxsolutions.com/brampton,Accounting,Consultant,"1C Conestoga Dr Ste 300, Brampton, ON L6Z 4N5, Canada","Google Places Text Search: ""accountants in Brampton, ON""",https://maps.google.com/?cid=3698718161065614236&g_mp=Cidnb29nbGUubWFwcy5wbGFjZXMudjEuUGxhY2VzLlNlYXJjaFRleHQQAhgEIAA,ChIJv6jZZCEZK4gRnBuaIpJ8VDM,(647) 660-1490,4.9,410,2026-09-11,accountants,2026-09-11,not available,not available,not available,timed out,not available,not available,not available,not available,not available,not available,not available,not available,22670,not available,true,not identified,Cloudflare,true,false,true,false,false,true,true,true,false,true,true,,contact us,false,false,false,true,true,true,true,true,true,true,false,0,not available,false,true,false,false,true,200,,timed out
Canadian Easy Tax Financial Services,https://www.canadianeasytax.com/,Accounting,Consultant,"36 Dalzell Ave, Brampton, ON L6Z 1G9, Canada","Google Places Text Search: ""accountants in Brampton, ON""",https://maps.google.com/?cid=12220225959342327164&g_mp=Cidnb29nbGUubWFwcy5wbGFjZXMudjEuUGxhY2VzLlNlYXJjaFRleHQQAhgEIAA,ChIJ-wYUKccXK4gRfEWbtcP2lqk,(437) 855-0411,4.9,376,2026-09-11,accountants,2026-09-11,not available,not available,not available,PSI 400 — Lighthouse returned error: FAILED_DOCUMENT_REQUEST. Lighthouse was unable to reliably load the page you requested. Make sure you are testing the correct URL and that the server is properly responding to all requests. (Details: net::ERR_TIMED_OUT),not available,not available,not available,not available,not available,not available,not available,not available,170304,not available,true,WordPress,Cloudflare; Google,true,false,true,true,true,true,true,true,true,true,true,on-site booking CTA,contact us,false,true,true,true,true,true,true,false,true,true,false,0,not available,false,true,false,false,true,200,,PSI 400 — Lighthouse returned error: FAILED_DOCUMENT_REQUEST. Lighthouse was unable to reliably load the page you requested. Make sure you are testing the correct URL and that the server is properly responding to all requests. (Details: net::ERR_TIMED_OUT)
Profit Pioneers Accounting & Bookkeeping Inc.,http://www.profitpioneersinfo.com/,Accounting,Accounting,"28 Grand Circuit Ct, Brampton, ON L6Y 1A4, Canada","Google Places Text Search: ""accountants in Brampton, ON""",https://maps.google.com/?cid=17758368980137654592&g_mp=Cidnb29nbGUubWFwcy5wbGFjZXMudjEuUGxhY2VzLlNlYXJjaFRleHQQAhgEIAA,ChIJg-rts-EVK4gRQLlr439mcvY,(437) 928-7760,5,375,2026-09-11,accountants,2026-09-11,PageSpeed Insights API v5 (mobile),13.4.1,2026-09-11T18:30:43.277Z,,90,100,100,92,2.8,2.7,0,0.004,665596,14,true,not identified,Google,false,false,false,false,false,false,false,false,false,false,false,,,false,false,true,false,false,true,true,false,true,true,false,0,,false,false,false,false,true,200,,
Plumbing X-Spurts LTD,https://plumbingx-spurts.ca/,Home services,Plumber,"18 Wexford Rd, Brampton, ON L6Z 2V8, Canada","Google Places Text Search: ""plumbers in Brampton, ON""",https://maps.google.com/?cid=11162558119559635513&g_mp=Cidnb29nbGUubWFwcy5wbGFjZXMudjEuUGxhY2VzLlNlYXJjaFRleHQQAhgEIAA,ChIJSWcdTSkUK4gROSIBzXdf6Zo,(647) 229-5678,4.8,172,2026-09-11,plumbers,2026-09-11,PageSpeed Insights API v5 (mobile),13.4.1,2026-09-11T18:31:05.908Z,,64,83,100,92,11.1,3.1,117,0.034,1598015,52,true,generator:Hostinger Website Builder,not identified,true,true,true,true,false,false,true,true,true,true,true,,contact us,false,false,true,true,true,true,true,true,true,true,false,33,Background and foreground colors do not have a sufficient contrast ratio.; Heading elements are not in a sequentially-descending order; Image elements do not have `[alt]` attributes; Links do not have a discernible name,false,false,false,true,true,200,,
4 Seasons Plumbing,http://www.4splumbing.ca/,Home services,Plumber,"45 Knotsberry Cir Unit 43, Brampton, ON L6Y 6G1, Canada","Google Places Text Search: ""plumbers in Brampton, ON""",https://maps.google.com/?cid=10973721287020537542&g_mp=Cidnb29nbGUubWFwcy5wbGFjZXMudjEuUGxhY2VzLlNlYXJjaFRleHQQAhgEIAA,ChIJtbff0Y4UK4gRxmYAiV59Spg,(416) 878-6928,5,158,2026-09-11,plumbers,2026-09-11,not available,not available,not available,timed out,not available,not available,not available,not available,not available,not available,not available,not available,115338,not available,true,GoDaddy,not identified,true,false,true,false,false,true,true,true,false,true,true,,contact us,false,true,true,true,false,true,true,true,true,true,false,1,not available,false,false,false,false,true,200,,timed out
Jesse’s Plumbing,https://www.jessesplumbing.com/,Home services,Plumber,"3 Danum Rd, Brampton, ON L6Y 3G5, Canada","Google Places Text Search: ""plumbers in Brampton, ON""",https://maps.google.com/?cid=11179734991355209250&g_mp=Cidnb29nbGUubWFwcy5wbGFjZXMudjEuUGxhY2VzLlNlYXJjaFRleHQQAhgEIAA,ChIJi2UReRzrpwcRIma76r1lJps,(647) 969-1298,5,139,2026-09-11,plumbers,2026-09-11,not available,not available,not available,timed out,not available,not available,not available,not available,not available,not available,not available,not available,4165,not available,true,not identified,Google,false,false,false,true,false,true,false,false,false,false,false,,,false,true,true,false,false,true,true,false,true,true,false,0,not available,false,false,false,false,true,200,,timed out
Peel Heating & Air Conditioning,https://www.peelheating.ca/?utm_source=google&utm_medium=gmb&utm_campaign=Peel-gmb&se_campaign=Peel%20-%20GMB,Home services,General Contractor,"40 Westwyn Ct, Brampton, ON L6T 4T5, Canada","Google Places Text Search: ""hvac in Brampton, ON""",https://maps.google.com/?cid=15213833774967985345&g_mp=Cidnb29nbGUubWFwcy5wbGFjZXMudjEuUGxhY2VzLlNlYXJjaFRleHQQAhgEIAA,ChIJDUhTRtdDK4gRwZTORDZlItM,(289) 948-1650,4.8,3478,2026-09-11,hvac,2026-09-11,PageSpeed Insights API v5 (mobile),13.4.1,2026-09-11T19:32:41.096Z,,41,75,77,100,7.7,2.9,884,0,8324721,136,true,WordPress,Google,true,true,true,true,false,true,true,true,false,true,true,on-site booking CTA,call now,false,true,true,true,true,true,true,true,true,true,false,1,"Buttons do not have an accessible name; Background and foreground colors do not have a sufficient contrast ratio.; Heading elements are not in a sequentially-descending order; Links do not have a discernible name; `[user-scalable=""no""]` is used in the `<meta name=""viewport"">` element or the `[maximum-scale]` attribute is less than 5.; Some elements have a `[tabindex]` value greater than 0; Touch targets do not have sufficient size or spacing.; Document does not have a main landmark.",false,true,true,true,true,200,,
Dr HVAC,https://www.drhvac.ca/?utm_source=Google&utm_medium=GMB&utm_campaign=GBP-Brampton,Home services,Services,"215 Advance Blvd #1, Brampton, ON L6T 4V9, Canada","Google Places Text Search: ""hvac in Brampton, ON""",https://maps.google.com/?cid=289125102954964978&g_mp=Cidnb29nbGUubWFwcy5wbGFjZXMudjEuUGxhY2VzLlNlYXJjaFRleHQQAhgEIAA,ChIJdddQM2A-K4gR8mdH0b8tAwQ,(905) 927-5581,4.8,2116,2026-09-11,hvac,2026-09-11,PageSpeed Insights API v5 (mobile),13.4.1,2026-09-11T18:35:31.651Z,,36,82,92,92,6.8,2.7,1458,0.101,3630938,186,true,WordPress,not identified,true,true,true,true,false,true,true,true,true,true,true,on-site booking CTA,book online,false,true,true,true,true,true,true,true,true,true,false,2,Background and foreground colors do not have a sufficient contrast ratio.; Heading elements are not in a sequentially-descending order; Links rely on color to be distinguishable.; Links do not have a discernible name; Touch targets do not have sufficient size or spacing.; Document does not have a main landmark.,true,true,false,true,true,200,,
JMC Electric Ltd.,http://www.jmcelectric.ca/,Home services,Electrician,"27 Fisherman Dr #7, Brampton, ON L7A 1E2, Canada","Google Places Text Search: ""electricians in Brampton, ON""",https://maps.google.com/?cid=18065232596079569402&g_mp=Cidnb29nbGUubWFwcy5wbGFjZXMudjEuUGxhY2VzLlNlYXJjaFRleHQQAhgEIAA,ChIJb_BmWSEUK4gR-mkhGlWZtPo,(905) 451-1830,4.9,174,2026-09-11,electricians,2026-09-11,PageSpeed Insights API v5 (mobile),13.4.1,2026-09-11T18:36:17.018Z,,36,95,96,100,24.4,7.6,799,0,6330873,129,true,Squarespace,not identified,true,false,true,true,true,true,true,true,true,false,true,on-site booking CTA,book now,false,true,true,true,true,true,true,true,true,true,false,0,Heading elements are not in a sequentially-descending order; Links do not have a discernible name,false,false,false,true,true,200,,
BigGuy Electric Inc.,https://bigguyelectricinc.com/,Home services,Electrician,"4 Alfred Kuehne Blvd #8, Brampton, ON L6T 4N3, Canada","Google Places Text Search: ""electricians in Brampton, ON""",https://maps.google.com/?cid=6672021664571311274&g_mp=Cidnb29nbGUubWFwcy5wbGFjZXMudjEuUGxhY2VzLlNlYXJjaFRleHQQAhgEIAA,ChIJIXaa3_k9K4gRqsR7olrIl1w,(905) 867-8017,4.9,136,2026-09-11,electricians,2026-09-11,PageSpeed Insights API v5 (mobile),13.4.1,2026-09-11T18:36:58.181Z,,55,71,100,100,8.1,3.5,376,0,1460214,48,true,WordPress,Cloudflare; Google,true,false,true,true,true,false,true,false,true,false,true,,contact us,false,false,true,true,true,true,true,false,true,true,false,0,Background and foreground colors do not have a sufficient contrast ratio.; Links rely on color to be distinguishable.; Links do not have a discernible name; Touch targets do not have sufficient size or spacing.; Document does not have a main landmark.,false,false,false,false,true,200,,
Eternal Green Landscaping,https://eternalgreenlandscaping.ca/,Home services,General Contractor,"11 Michigan Ave, Brampton, ON L6Y 4N5, Canada","Google Places Text Search: ""landscapers in Brampton, ON""",https://maps.google.com/?cid=12212047494444686364&g_mp=Cidnb29nbGUubWFwcy5wbGFjZXMudjEuUGxhY2VzLlNlYXJjaFRleHQQAhgEIAA,ChIJVVWFY1oVK4gRHByTdn7oeak,(647) 572-4456,4.8,67,2026-09-11,landscapers,2026-09-11,PageSpeed Insights API v5 (mobile),13.4.1,2026-09-11T18:37:18.724Z,,72,87,100,100,5.3,3,0,0.019,938881,54,true,WordPress,not identified,true,true,true,true,true,true,true,true,true,true,true,,get a quote,false,true,true,true,true,true,true,true,true,true,false,1,"Heading elements are not in a sequentially-descending order; Links do not have a discernible name; `[user-scalable=""no""]` is used in the `<meta name=""viewport"">` element or the `[maximum-scale]` attribute is less than 5.",false,true,false,true,true,200,,
B & B Landscaping LTD.,http://www.b-blandscaping.com/,Home services,General Contractor,"11557 The Gore Rd, Brampton, ON L6P 0B2, Canada","Google Places Text Search: ""landscapers in Brampton, ON""",https://maps.google.com/?cid=16633586834888828416&g_mp=Cidnb29nbGUubWFwcy5wbGFjZXMudjEuUGxhY2VzLlNlYXJjaFRleHQQAhgEIAA,ChIJRZt5YLU8K4gRAKYpChlf1uY,(905) 913-0001,4.7,54,2026-09-11,landscapers,2026-09-11,PageSpeed Insights API v5 (mobile),13.4.1,2026-09-11T18:37:38.936Z,,65,95,77,61,7.9,2.6,310,0.002,2265887,207,true,Wix,not identified,true,false,true,true,true,true,true,false,true,true,false,on-site booking CTA,book online,false,false,false,true,true,true,false,true,false,true,false,0,Heading elements are not in a sequentially-descending order; Links do not have a discernible name,false,false,false,true,true,200,,
Real Blue Roofing Services Inc. Brampton,https://www.realblueroofing.ca/,Construction/renovation,Roofing Contractor,"8890 Heritage Rd, Brampton, ON L6Y 0E1, Canada","Google Places Text Search: ""roofers in Brampton, ON""",https://maps.google.com/?cid=10762656528347098125&g_mp=Cidnb29nbGUubWFwcy5wbGFjZXMudjEuUGxhY2VzLlNlYXJjaFRleHQQAhgEIAA,ChIJxfPOyfQXK4gRDeyq6xajXJU,(647) 740-5225,4.9,210,2026-09-11,roofers,2026-09-11,not available,not available,not available,timed out,not available,not available,not available,not available,not available,not available,not available,not available,276776,not available,true,WordPress,Cloudflare; Google,true,false,true,true,true,false,true,true,false,false,false,,contact us,false,true,true,true,true,true,true,false,true,true,false,0,not available,true,true,false,true,true,200,,timed out
Just 4 You Home Solutions,https://www.just4youhomesolutions.com/,Construction/renovation,General Contractor,"150 Clark Blvd Ste 97, Brampton, ON L6T 4Y8, Canada","Google Places Text Search: ""roofers in Brampton, ON""",https://maps.google.com/?cid=11980370842387890214&g_mp=Cidnb29nbGUubWFwcy5wbGFjZXMudjEuUGxhY2VzLlNlYXJjaFRleHQQAhgEIAA,ChIJf2K0K4I9K4gRJkD6cc7TQqY,(647) 997-6712,4.9,179,2026-09-11,roofers,2026-09-11,not available,not available,not available,timed out,not available,not available,not available,not available,not available,not available,not available,not available,75193,not available,true,not identified,not identified,true,false,true,false,false,false,false,false,false,false,false,,,false,false,false,false,false,true,false,true,false,true,false,0,not available,false,false,false,false,false,403,,timed out
Tactic Roofing Inc.,https://tacticroofing.com/,Construction/renovation,Roofing Contractor,"2 County Ct Blvd Suite 400, Brampton, ON L6W 3W8, Canada","Google Places Text Search: ""roofers in Brampton, ON""",https://maps.google.com/?cid=12270887675372331716&g_mp=Cidnb29nbGUubWFwcy5wbGFjZXMudjEuUGxhY2VzLlNlYXJjaFRleHQQAhgEIAA,ChIJO8chLasWK4gRxGJJqVPzSqo,(647) 205-1150,5,166,2026-09-11,roofers,2026-09-11,PageSpeed Insights API v5 (mobile),13.4.1,2026-09-11T18:39:15.216Z,,82,92,100,100,4.3,1,196,0.032,555202,17,true,not identified,not identified,true,true,true,true,false,true,true,true,true,false,true,,free estimate,true,true,true,true,true,true,true,true,true,true,false,0,Background and foreground colors do not have a sufficient contrast ratio.; Links rely on color to be distinguishable.,false,true,false,true,true,200,,
United Roofers,https://unitedroofersinc.com/,Construction/renovation,Roofing Contractor,"69 Eastern Ave Unit 202, Brampton, ON L6W 1X9, Canada","Google Places Text Search: ""roofers in Brampton, ON""",https://maps.google.com/?cid=7274541896864041570&g_mp=Cidnb29nbGUubWFwcy5wbGFjZXMudjEuUGxhY2VzLlNlYXJjaFRleHQQAhgEIAA,ChIJF8-VcKMXK4gRYgpHIlBd9GQ,(905) 789-1335,5,89,2026-09-11,roofers,2026-09-11,not available,not available,not available,timed out,not available,not available,not available,not available,not available,not available,not available,not available,131217,not available,true,WordPress,not identified,true,true,true,true,true,true,true,true,true,true,true,,free estimate,false,true,true,true,true,true,true,true,true,true,false,23,not available,false,true,false,true,true,200,,timed out
Passion Roofing Inc,http://www.passionroofinginc.ca/,Construction/renovation,Roofing Contractor,"10510 Torbram Rd, Brampton, ON L6R 2S3, Canada","Google Places Text Search: ""roofers in Brampton, ON""",https://maps.google.com/?cid=9270741490829870967&g_mp=Cidnb29nbGUubWFwcy5wbGFjZXMudjEuUGxhY2VzLlNlYXJjaFRleHQQAhgEIAA,ChIJDxBBKT4XK4gRd8djdURKqIA,(647) 919-9413,5,88,2026-09-11,roofers,2026-09-11,PageSpeed Insights API v5 (mobile),13.4.1,2026-09-11T18:40:37.885Z,,36,95,96,85,5.4,3,301,0.595,9253692,89,true,WordPress,Cloudflare; Google,true,false,true,false,false,true,true,true,true,true,true,,free estimate,false,false,true,true,true,true,false,true,true,true,false,0,Background and foreground colors do not have a sufficient contrast ratio.; Heading elements are not in a sequentially-descending order,false,false,false,false,true,200,,
Royal Roofs Ltd,https://www.royalroofs.com/,Construction/renovation,Roofing Contractor,"35 Melville Crescent, Brampton, ON L6W 2S3, Canada","Google Places Text Search: ""roofers in Brampton, ON""",https://maps.google.com/?cid=5925537641661618132&g_mp=Cidnb29nbGUubWFwcy5wbGFjZXMudjEuUGxhY2VzLlNlYXJjaFRleHQQAhgEIAA,ChIJZSlWRbQVK4gR1FdyGhe9O1I,(416) 858-5714,4.5,59,2026-09-11,roofers,2026-09-11,PageSpeed Insights API v5 (mobile),13.4.1,2026-09-11T18:41:12.119Z,,52,92,73,92,10.8,1.7,134,0.393,2649767,108,true,WordPress,Google,true,false,true,true,true,true,true,true,true,true,true,,contact us,false,false,true,true,true,true,true,true,true,true,false,0,Background and foreground colors do not have a sufficient contrast ratio.; Links do not have a discernible name; Document does not have a main landmark.,false,false,false,true,true,200,,
T DOT Roofers Inc,https://tdotroofers.ca/,Construction/renovation,Roofing Contractor,"51 Sutherland Ave, Brampton, ON L6V 2H6, Canada","Google Places Text Search: ""roofers in Brampton, ON""",https://maps.google.com/?cid=13317298717194881164&g_mp=Cidnb29nbGUubWFwcy5wbGFjZXMudjEuUGxhY2VzLlNlYXJjaFRleHQQAhgEIAA,ChIJXTCiBvZJ_msRjIgqDqCM0Lg,(416) 451-9293,5,51,2026-09-11,roofers,2026-09-11,PageSpeed Insights API v5 (mobile),13.4.1,2026-09-11T18:41:35.738Z,,63,86,100,100,12.8,2.3,153,0.04,2607776,31,true,WordPress,Google,true,true,true,true,false,true,true,true,true,true,true,,call now,true,false,true,true,true,true,true,true,true,true,false,0,Background and foreground colors do not have a sufficient contrast ratio.; `<frame>` or `<iframe>` elements do not have a title; Heading elements are not in a sequentially-descending order; Links do not have a discernible name; Document does not have a main landmark.,true,true,false,true,true,200,,
Swan Roofing Services,http://www.swanroofingservices.com/,Construction/renovation,Roofing Contractor,"18 Melanie Dr, Brampton, ON L6T 4K9, Canada","Google Places Text Search: ""roofers in Brampton, ON""",https://maps.google.com/?cid=4488763383750093572&g_mp=Cidnb29nbGUubWFwcy5wbGFjZXMudjEuUGxhY2VzLlNlYXJjaFRleHQQAhgEIAA,ChIJL02OnCY8K4gRBGs02YNKSz4,(905) 458-4065,4.9,50,2026-09-11,roofers,2026-09-11,not available,not available,not available,timed out,not available,not available,not available,not available,not available,not available,not available,not available,113095,not available,true,GoDaddy,not identified,true,false,true,false,false,false,true,true,true,true,true,,get a quote,false,false,true,true,false,true,true,true,true,true,false,0,not available,false,false,false,false,true,200,,timed out
Paranthe Wali Gali,http://www.paranthewaligali.net/,Restaurants,Indian Restaurant,"2452 Queen St E, Brampton, ON L6S 5X9, Canada","Google Places Text Search: ""restaurants in Brampton, ON""",https://maps.google.com/?cid=386896518981889165&g_mp=Cidnb29nbGUubWFwcy5wbGFjZXMudjEuUGxhY2VzLlNlYXJjaFRleHQQAhgEIAA,ChIJ-ZvCjsU9K4gRjSzAilWIXgU,(905) 458-0048,4.7,36898,2026-09-11,restaurants,2026-09-11,PageSpeed Insights API v5 (mobile),13.4.1,2026-09-11T18:43:11.705Z,,54,89,73,100,8.9,1.7,514,0.009,4841053,280,true,Wix,not identified,true,false,true,true,false,false,false,true,true,false,false,,order online,false,false,true,true,true,true,true,false,true,true,false,0,Buttons do not have an accessible name; Background and foreground colors do not have a sufficient contrast ratio.; Heading elements are not in a sequentially-descending order,false,false,false,false,true,200,,
Tandoori Flame Brampton,http://tandooriflame.com/,Restaurants,Indian Restaurant,"8150 Dixie Rd, Brampton, ON L6T 5N9, Canada","Google Places Text Search: ""restaurants in Brampton, ON""",https://maps.google.com/?cid=7899903558223247836&g_mp=Cidnb29nbGUubWFwcy5wbGFjZXMudjEuUGxhY2VzLlNlYXJjaFRleHQQAhgEIAA,ChIJvUKtenE-K4gR3Lm9Q24Yom0,(905) 451-1686,4.3,20860,2026-09-11,restaurants,2026-09-11,PageSpeed Insights API v5 (mobile),13.4.1,2026-09-11T18:43:55.695Z,,31,76,73,85,41.4,3.7,221,0.747,15061940,107,true,WordPress,not identified,true,false,true,false,false,false,true,true,false,false,true,on-site booking CTA,book now,false,false,true,true,true,true,false,true,true,true,false,0,"Background and foreground colors do not have a sufficient contrast ratio.; `<frame>` or `<iframe>` elements do not have a title; Heading elements are not in a sequentially-descending order; Links do not have a discernible name; `[user-scalable=""no""]` is used in the `<meta name=""viewport"">` element or the `[maximum-scale]` attribute is less than 5.; Touch targets do not have sufficient size or spacing.; Document does not have a main landmark.",false,false,false,false,true,200,,
Rajdhani Sweets & Restaurant (Torbram),https://www.rajdhanisweets.ca/,Restaurants,North Indian Restaurant,"2280 Bovaird Dr E Unit 4, Brampton, ON L6R 3J5, Canada","Google Places Text Search: ""restaurants in Brampton, ON""",https://maps.google.com/?cid=9049243928093452867&g_mp=Cidnb29nbGUubWFwcy5wbGFjZXMudjEuUGxhY2VzLlNlYXJjaFRleHQQAhgEIAA,ChIJKZDTTX49K4gRQ-reW2hflX0,(905) 789-9901,4.6,18801,2026-09-11,restaurants,2026-09-11,PageSpeed Insights API v5 (mobile),13.4.1,2026-09-11T19:37:24.908Z,,56,89,100,92,23.5,4.5,129,0.004,9691933,117,true,not identified,Cloudflare,false,false,false,false,false,false,false,false,false,false,false,,,false,false,false,false,false,true,false,false,false,true,false,0,Elements with an ARIA `[role]` that require children to contain a specific `[role]` are missing some or all of those required children.; Background and foreground colors do not have a sufficient contrast ratio.; Links do not have a discernible name,false,false,false,false,false,403,,
Tikka Junction,http://tikkajunctioncanada.com/,Restaurants,Indian Restaurant,"295A Queen St E Unit 26, Brampton, ON L6W 3W9, Canada","Google Places Text Search: ""restaurants in Brampton, ON""",https://maps.google.com/?cid=15153280172225667962&g_mp=Cidnb29nbGUubWFwcy5wbGFjZXMudjEuUGxhY2VzLlNlYXJjaFRleHQQAhgEIAA,ChIJkb_BaZA_K4gReiN79wdES9I,(647) 429-4040,4.7,16856,2026-09-11,restaurants,2026-09-11,PageSpeed Insights API v5 (mobile),13.4.1,2026-09-11T19:37:45.458Z,,94,100,81,100,3,1.4,65,0,403441,28,true,not identified,not identified,true,false,true,true,true,true,false,true,true,false,false,,contact us,false,false,false,false,true,true,true,true,true,true,false,0,,true,false,false,false,true,200,,
Tandoori Haveli Bar and Grill,http://tandoorihavelibrampton.ca/,Restaurants,Indian Restaurant,"1315 Steeles Ave E, Brampton, ON L6T 4N9, Canada","Google Places Text Search: ""restaurants in Brampton, ON""",https://maps.google.com/?cid=11806593729590005936&g_mp=Cidnb29nbGUubWFwcy5wbGFjZXMudjEuUGxhY2VzLlNlYXJjaFRleHQQAhgEIAA,ChIJn1dGTbU_K4gRsBCRa3Fy2aM,(905) 796-6666,4.4,15907,2026-09-11,restaurants,2026-09-11,PageSpeed Insights API v5 (mobile),13.4.1,2026-09-11T18:45:28.031Z,,91,100,100,100,3.1,1.4,32,0,497615,27,true,not identified,not identified,true,false,true,true,true,true,false,true,true,false,false,,contact us,false,true,false,false,true,true,true,true,true,true,false,0,,true,false,false,false,true,200,,
Desi Bar & Grill,https://desibarandgrill.ca/,Restaurants,Indian Restaurant,"341 Main St N, Brampton, ON L6X 1N5, Canada","Google Places Text Search: ""restaurants in Brampton, ON""",https://maps.google.com/?cid=14086059687270417765&g_mp=Cidnb29nbGUubWFwcy5wbGFjZXMudjEuUGxhY2VzLlNlYXJjaFRleHQQAhgEIAA,ChIJr1biXHUVK4gRZQW0iKe8e8M,(647) 812-1100,4.8,12862,2026-09-11,restaurants,2026-09-11,PageSpeed Insights API v5 (mobile),13.4.1,2026-09-11T19:38:07.875Z,,30,94,77,100,16.1,4.8,672,0.197,7494522,172,true,not identified,not identified,true,false,true,false,false,false,false,false,false,false,false,,,false,false,false,false,false,true,false,true,false,true,false,0,Heading elements are not in a sequentially-descending order; Links do not have a discernible name,false,false,false,false,false,403,,
Brar's Grand Buffet,https://www.brars.ca/,Restaurants,Indian Restaurant,"199 Advance Blvd Unit 13, Brampton, ON L6T 4N2, Canada","Google Places Text Search: ""restaurants in Brampton, ON""",https://maps.google.com/?cid=9736579461174871019&g_mp=Cidnb29nbGUubWFwcy5wbGFjZXMudjEuUGxhY2VzLlNlYXJjaFRleHQQAhgEIAA,ChIJL1Gx4WE-K4gR60Ox7m5HH4c,(905) 799-1625,4.4,12803,2026-09-11,restaurants,2026-09-11,not available,not available,not available,PSI 400 — Lighthouse returned error: FAILED_DOCUMENT_REQUEST. Lighthouse was unable to reliably load the page you requested. Make sure you are testing the correct URL and that the server is properly responding to all requests. (Details: net::ERR_TIMED_OUT),not available,not available,not available,not available,not available,not available,not available,not available,not available,not available,not available,not available,not available,not available,not available,not available,not available,not available,not available,not available,not available,not available,not available,not available,,,not available,not available,not available,not available,false,false,false,false,not available,not available,false,not available,not available,not available,not available,not available,not available,false,not available,UND_ERR_CONNECT_TIMEOUT,UND_ERR_CONNECT_TIMEOUT; PSI 400 — Lighthouse returned error: FAILED_DOCUMENT_REQUEST. Lighthouse was unable to reliably load the page you requested. Make sure you are testing the correct URL and that the server is properly responding to all requests. (Details: net::ERR_TIMED_OUT)
Jack's Brampton,https://jackastors.com/?locationId=919,Restaurants,Bar & Grill,"154 West Dr, Brampton, ON L6T 5P1, Canada","Google Places Text Search: ""restaurants in Brampton, ON""",https://maps.google.com/?cid=15760819398812885076&g_mp=Cidnb29nbGUubWFwcy5wbGFjZXMudjEuUGxhY2VzLlNlYXJjaFRleHQQAhgEIAA,ChIJLXIUMAc-K4gRVOBTI72tudo,(905) 457-5200,4.6,10273,2026-09-11,restaurants,2026-09-11,PageSpeed Insights API v5 (mobile),13.4.1,2026-09-11T18:45:58.618Z,,45,60,96,92,7.2,4.4,302,0.159,8133629,118,true,WordPress,Cloudflare,true,true,true,true,true,true,true,true,true,true,false,,,false,true,true,true,true,true,true,true,true,true,false,2,`[aria-*]` attributes do not match their roles; Elements use prohibited ARIA attributes; `[role]`s are not contained by their required parent element; Background and foreground colors do not have a sufficient contrast ratio.; Heading elements are not in a sequentially-descending order; Image elements do not have `[alt]` attributes; Form elements do not have associated labels; Links do not have a discernible name,true,false,true,false,true,200,,
Sardar Ji,http://www.sardarji.ca/,Restaurants,Indian Restaurant,"170 Bovaird Dr W unit 16, Brampton, ON L7A 1A1, Canada","Google Places Text Search: ""restaurants in Brampton, ON""",https://maps.google.com/?cid=1420658902408258642&g_mp=Cidnb29nbGUubWFwcy5wbGFjZXMudjEuUGxhY2VzLlNlYXJjaFRleHQQAhgEIAA,ChIJGUsdvfwVK4gRUmQKqb4xtxM,(905) 216-2040,4.4,9866,2026-09-11,restaurants,2026-09-11,PageSpeed Insights API v5 (mobile),13.4.1,2026-09-11T19:38:55.881Z,,87,96,81,100,3.8,2.2,12,0,468270,29,true,not identified,not identified,true,false,true,true,true,true,false,true,true,false,false,,contact us,false,true,false,false,true,true,true,true,true,true,false,0,Background and foreground colors do not have a sufficient contrast ratio.,true,false,false,false,true,200,,
Kesar Sweets & Restaurant,https://www.kesars.ca/?utm_source=google&utm_medium=organic&utm_campaign=gbmmaish,Restaurants,Indian Restaurant,"51 Mountainash Rd Unit #6, Brampton, ON L6R 1W4, Canada","Google Places Text Search: ""restaurants in Brampton, ON""",https://maps.google.com/?cid=15412638185269680029&g_mp=Cidnb29nbGUubWFwcy5wbGFjZXMudjEuUGxhY2VzLlNlYXJjaFRleHQQAhgEIAA,ChIJ920EQm89K4gRndeeFMWw5NU,(905) 497-7722,4.6,9621,2026-09-11,restaurants,2026-09-11,PageSpeed Insights API v5 (mobile),13.4.1,2026-09-11T18:47:32.634Z,,93,88,96,92,3,1.6,0,0,2660382,29,true,WordPress,not identified,true,false,true,true,true,true,true,true,false,true,true,,schedule,true,true,true,true,true,true,true,true,true,true,false,2,Background and foreground colors do not have a sufficient contrast ratio.; Heading elements are not in a sequentially-descending order; Links rely on color to be distinguishable.; Links do not have a discernible name,false,true,false,false,true,200,,
Outlook Salon & Spa - Barbershop Brampton,http://www.outlooksalon.ca/,Beauty/personal care,Barber shop,"10510 Torbram Rd, Brampton, ON L6R 3N9, Canada","Google Places Text Search: ""hair salons in Brampton, ON""",https://maps.google.com/?cid=13233102873117645683&g_mp=Cidnb29nbGUubWFwcy5wbGFjZXMudjEuUGxhY2VzLlNlYXJjaFRleHQQAhgEIAA,ChIJoVM24RQ8BGkRc9tgfPNspbc,(905) 792-1484,4.7,1517,2026-09-11,hair salons,2026-09-11,PageSpeed Insights API v5 (mobile),13.4.1,2026-09-11T18:47:59.552Z,,56,68,100,92,9.2,4.6,141,0.046,2079800,121,true,WordPress,Google,true,false,true,true,true,true,true,true,true,false,true,Square,book now,false,true,true,true,true,true,true,false,true,true,false,1,"`[aria-*]` attributes do not match their roles; ARIA input fields do not have accessible names; Elements with an ARIA `[role]` that require children to contain a specific `[role]` are missing some or all of those required children.; Background and foreground colors do not have a sufficient contrast ratio.; Heading elements are not in a sequentially-descending order; Links rely on color to be distinguishable.; Links do not have a discernible name; `[user-scalable=""no""]` is used in the `<meta name=""viewport"">` element or the `[maximum-scale]` attribute is less than 5.",true,true,false,true,true,200,,
Mahek Beauty Salon,http://www.mahekbeauty.com/,Beauty/personal care,Beauty Salon,"2260 Bovaird Dr E #117, Brampton, ON L6R 0W3, Canada","Google Places Text Search: ""hair salons in Brampton, ON""",https://maps.google.com/?cid=3004642747379252409&g_mp=Cidnb29nbGUubWFwcy5wbGFjZXMudjEuUGxhY2VzLlNlYXJjaFRleHQQAhgEIAA,ChIJ0xK0iSI9K4gRuXx-0qiisik,(905) 790-2300,4.7,1066,2026-09-11,hair salons,2026-09-11,PageSpeed Insights API v5 (mobile),13.4.1,2026-09-11T19:39:15.547Z,,98,79,78,73,1.4,1.4,0,0,3119,2,true,WordPress,not identified,true,false,true,false,false,false,false,false,false,true,false,,,false,false,true,true,true,true,false,true,true,true,false,0,`<html>` element does not have a `[lang]` attribute; Document does not have a main landmark.,false,true,false,false,true,200,,
House of Hair Inc,http://www.houseofhair.ca/,Beauty/personal care,Hair Salon,"239 Queen St E #3, Brampton, ON L6W 2B6, Canada","Google Places Text Search: ""hair salons in Brampton, ON""",https://maps.google.com/?cid=11748040895045290185&g_mp=Cidnb29nbGUubWFwcy5wbGFjZXMudjEuUGxhY2VzLlNlYXJjaFRleHQQAhgEIAA,ChIJp822NvIVK4gRycjvQ_NsCaM,(905) 453-0363,4.4,1064,2026-09-11,hair salons,2026-09-11,PageSpeed Insights API v5 (mobile),13.4.1,2026-09-11T18:49:36.834Z,,71,76,70,92,4.6,2.5,0,0.032,568606,42,false,Shopify,not identified,true,false,true,false,false,false,false,false,true,false,false,,,false,false,true,false,false,true,true,false,true,false,true,26,"`<html>` element does not have a `[lang]` attribute; Image elements do not have `[alt]` attributes; Links do not have a discernible name; `[user-scalable=""no""]` is used in the `<meta name=""viewport"">` element or the `[maximum-scale]` attribute is less than 5.",false,false,false,false,true,200,,
Truly Blessed Hair Studio,https://www.trulyblessed.ca/,Beauty/personal care,Barber shop,"115 Inspire Blvd, Brampton, ON L6R 0B3, Canada","Google Places Text Search: ""hair salons in Brampton, ON""",https://maps.google.com/?cid=3360074403350054390&g_mp=Cidnb29nbGUubWFwcy5wbGFjZXMudjEuUGxhY2VzLlNlYXJjaFRleHQQAhgEIAA,ChIJFVqIawcXK4gR9gWQDt5hoS4,(647) 515-4910,5,1051,2026-09-11,hair salons,2026-09-11,PageSpeed Insights API v5 (mobile),13.4.1,2026-09-11T18:49:55.981Z,,36,86,77,100,8.4,4.2,1362,0,10398953,125,true,Webflow,CloudFront,true,false,true,false,false,true,true,true,true,false,true,on-site booking CTA,book now,true,true,false,false,false,true,true,true,true,true,false,0,Background and foreground colors do not have a sufficient contrast ratio.; Heading elements are not in a sequentially-descending order; `<html>` element does not have a `[lang]` attribute; Links do not have a discernible name,true,false,false,false,true,200,,
Indo Canada Salon & Spa,https://icsalonandspa.com/,Beauty/personal care,Beauty Salon,"2700 N Park Dr Unit #21-23, Brampton, ON L6S 0E9, Canada","Google Places Text Search: ""hair salons in Brampton, ON""",https://maps.google.com/?cid=14385433118911796547&g_mp=Cidnb29nbGUubWFwcy5wbGFjZXMudjEuUGxhY2VzLlNlYXJjaFRleHQQAhgEIAA,ChIJTZvz3lw9K4gRQ5XgUDRTo8c,(905) 799-0012,4.3,1035,2026-09-11,hair salons,2026-09-11,PageSpeed Insights API v5 (mobile),13.4.1,2026-09-11T19:39:37.400Z,,33,88,73,100,21.4,15.8,989,0.063,4851798,94,true,WordPress,Google,true,false,true,true,true,true,true,true,false,true,true,,contact us,false,true,true,true,true,true,true,true,true,true,false,1,Background and foreground colors do not have a sufficient contrast ratio.; Heading elements are not in a sequentially-descending order; Links rely on color to be distinguishable.; Links do not have a discernible name,false,false,false,true,true,200,,
La Unique Laser Centre,https://www.launiquelasercentre.com/,Beauty/personal care,Spa,"10 Cottrelle Blvd #109, Brampton, ON L6S 0E2, Canada","Google Places Text Search: ""spas in Brampton, ON""",https://maps.google.com/?cid=12317312102511938877&g_mp=Cidnb29nbGUubWFwcy5wbGFjZXMudjEuUGxhY2VzLlNlYXJjaFRleHQQAhgEIAA,ChIJcRu1cxM9K4gRPQ3Y6Rji76o,(905) 799-2354,4.3,933,2026-09-11,spas,2026-09-11,PageSpeed Insights API v5 (mobile),13.4.1,2026-09-11T18:51:45.209Z,,39,92,96,85,69.3,5.9,654,0.001,21222647,187,true,WordPress,Cloudflare,true,false,true,false,false,true,true,true,true,true,true,,contact us,false,false,true,true,true,true,false,true,true,true,false,0,Heading elements are not in a sequentially-descending order; Links do not have a discernible name; Touch targets do not have sufficient size or spacing.,true,true,false,true,true,200,,
Sarpz Salon & Spa,https://sarpzsalonspa.ca/,Beauty/personal care,Hair Salon,"49 Hillcrest Ave Unit 105, Brampton, ON L6W 4V4, Canada","Google Places Text Search: ""spas in Brampton, ON""",https://maps.google.com/?cid=14544789043583085007&g_mp=Cidnb29nbGUubWFwcy5wbGFjZXMudjEuUGxhY2VzLlNlYXJjaFRleHQQAhgEIAA,ChIJGxzOwrcVK4gRz2nD05J42ck,(416) 302-0416,4.7,896,2026-09-11,spas,2026-09-11,not available,not available,not available,timed out,not available,not available,not available,not available,not available,not available,not available,not available,170685,not available,true,WordPress,not identified,true,false,true,true,true,true,false,true,true,true,false,on-site booking CTA,book now,false,true,true,true,true,true,true,true,true,true,false,1,not available,false,false,false,false,true,200,,timed out
Goldy Laser and Spa,http://goldylaserandspa.com/,Beauty/personal care,Beauty Salon,"1650 Williams Pkwy Unit F, Brampton, ON L6S 5R7, Canada","Google Places Text Search: ""spas in Brampton, ON""",https://maps.google.com/?cid=13134164579259598185&g_mp=Cidnb29nbGUubWFwcy5wbGFjZXMudjEuUGxhY2VzLlNlYXJjaFRleHQQAhgEIAA,ChIJe_-AAJ89K4gRaUVJ2BjtRbY,(905) 790-9991,4.4,598,2026-09-11,spas,2026-09-11,PageSpeed Insights API v5 (mobile),13.4.1,2026-09-11T19:41:16.639Z,,95,93,78,90,2.3,2.3,0,0,115750,5,false,not identified,not identified,false,false,false,false,false,false,false,false,false,false,false,,,false,false,false,false,false,true,false,true,true,false,true,0,Document does not have a main landmark.,false,false,false,false,true,200,,
Lucky Auto Services & Mufflers,http://luckyauto.ca/,Automotive,Car repair and maintenance service,"181 Rutherford Rd S, Brampton, ON L6W 3P4, Canada","Google Places Text Search: ""auto repair in Brampton, ON""",https://maps.google.com/?cid=17871794297421312578&g_mp=Cidnb29nbGUubWFwcy5wbGFjZXMudjEuUGxhY2VzLlNlYXJjaFRleHQQAhgEIAA,ChIJGyAJ23I_K4gRQjKmhDleBfg,(647) 948-8085,4.2,1850,2026-09-11,auto repair,2026-09-11,not available,not available,not available,timed out,not available,not available,not available,not available,not available,not available,not available,not available,882264,not available,true,WordPress,Cloudflare; Google,true,false,true,false,false,false,false,false,false,false,false,,contact us,true,false,true,true,true,true,false,true,true,true,false,0,not available,false,false,false,true,true,200,,timed out
Maple Auto Body & Repairs Centre,https://mapleautorepairs.com/,Automotive,Car repair and maintenance service,"255 Rutherford Rd S Unit 110, Brampton, ON L6W 4N7, Canada","Google Places Text Search: ""auto repair in Brampton, ON""",https://maps.google.com/?cid=10132589126401953348&g_mp=Cidnb29nbGUubWFwcy5wbGFjZXMudjEuUGxhY2VzLlNlYXJjaFRleHQQAhgEIAA,ChIJzxTClaI_K4gRRI4sLiAwnow,(905) 487-8787,4.9,1143,2026-09-11,auto repair,2026-09-11,not available,not available,not available,timed out,not available,not available,not available,not available,not available,not available,not available,not available,112600,not available,true,WordPress,not identified,true,false,true,false,false,false,false,false,false,true,false,,,false,true,true,true,false,true,true,false,true,true,false,0,not available,false,true,false,false,true,200,,timed out
Harrad Auto Services,https://harradauto.ca/,Automotive,Car repair and maintenance service,"5 Melanie Dr #6, Brampton, ON L6T 4K8, Canada","Google Places Text Search: ""auto repair in Brampton, ON""",https://maps.google.com/?cid=16364835950413299228&g_mp=Cidnb29nbGUubWFwcy5wbGFjZXMudjEuUGxhY2VzLlNlYXJjaFRleHQQAhgEIAA,ChIJR80wDyY8K4gRHD7tn5eTG-M,(905) 494-0279,4.5,923,2026-09-11,auto repair,2026-09-11,PageSpeed Insights API v5 (mobile),13.4.1,2026-09-11T18:56:42.897Z,,55,80,69,92,10.4,4.7,6,0.076,5173921,93,true,WordPress,not identified,true,false,true,true,true,true,true,true,false,true,false,on-site booking CTA,free estimate,false,true,true,true,true,true,true,true,true,true,false,0,Buttons do not have an accessible name; Background and foreground colors do not have a sufficient contrast ratio.; Heading elements are not in a sequentially-descending order; Links do not have a discernible name; Touch targets do not have sufficient size or spacing.; Document does not have a main landmark.,true,true,false,true,true,200,,
Auto Supreme inc,https://autosupreme.ca/,Automotive,Car repair and maintenance service,"15 Fisherman Dr Unit 30, Brampton, ON L7A 1B7, Canada","Google Places Text Search: ""auto repair in Brampton, ON""",https://maps.google.com/?cid=11227111998336632079&g_mp=Cidnb29nbGUubWFwcy5wbGFjZXMudjEuUGxhY2VzLlNlYXJjaFRleHQQAhgEIAA,ChIJJ8ih2CYUK4gRD4Vh8uC2zps,(905) 846-4800,4.7,766,2026-09-11,auto repair,2026-09-11,PageSpeed Insights API v5 (mobile),13.4.1,2026-09-11T18:57:13.858Z,,57,84,96,77,20.7,2.7,376,0.003,4659683,66,true,WordPress,Cloudflare; Google,true,true,true,true,false,true,true,true,false,true,true,on-site booking CTA,contact us,false,false,true,true,true,true,false,true,true,true,false,35,"Heading elements are not in a sequentially-descending order; Image elements do not have `[alt]` attributes; Links do not have a discernible name; `[user-scalable=""no""]` is used in the `<meta name=""viewport"">` element or the `[maximum-scale]` attribute is less than 5.; Document does not have a main landmark.",false,false,false,true,true,200,,
Midas,https://www.midas.com/store/on/brampton/1707-queen-street-east-l6t-2h2/?shopnum=9040&utm_source=google&utm_medium=organic&utm_campaign=gbp,Automotive,Car repair and maintenance service,"1707 Queen St E, Brampton, ON L6T 2H2, Canada","Google Places Text Search: ""auto repair in Brampton, ON""",https://maps.google.com/?cid=11863633333449317363&g_mp=Cidnb29nbGUubWFwcy5wbGFjZXMudjEuUGxhY2VzLlNlYXJjaFRleHQQAhgEIAA,ChIJR6v2muk9K4gR89u6GakXpKQ,(289) 201-9376,4.4,523,2026-09-11,auto repair,2026-09-11,PageSpeed Insights API v5 (mobile),13.4.1,2026-09-11T18:57:46.728Z,,49,89,50,75,13.7,2.2,758,0.05,2673327,202,true,not identified,Cloudflare,true,true,true,true,false,true,true,true,true,true,true,on-site booking CTA,free estimate,false,true,true,true,false,true,true,true,true,true,false,1,Background and foreground colors do not have a sufficient contrast ratio.; Image elements do not have `[alt]` attributes; Touch targets do not have sufficient size or spacing.,false,false,false,false,true,200,,
1 Stop Auto Repair Centre Brampton,https://1stopautoshop.ca/,Automotive,Car repair and maintenance service,"32 Rutherford Rd S, Brampton, ON L6W 3J1, Canada","Google Places Text Search: ""auto repair in Brampton, ON""",https://maps.google.com/?cid=1643581688453974061&g_mp=Cidnb29nbGUubWFwcy5wbGFjZXMudjEuUGxhY2VzLlNlYXJjaFRleHQQAhgEIAA,ChIJC8vXziM-K4gRLciia9YszxY,(905) 230-3131,4.3,456,2026-09-11,auto repair,2026-09-11,PageSpeed Insights API v5 (mobile),13.4.1,2026-09-11T18:58:09.818Z,,90,96,100,100,3,1.8,0,0,494444,17,true,WordPress,not identified,true,false,true,true,true,true,true,true,false,true,false,on-site booking CTA,contact us,false,true,false,false,true,true,true,false,true,true,false,0,Background and foreground colors do not have a sufficient contrast ratio.,false,false,false,false,true,200,,
German Sandhu Realtor,https://germansandhu.ca/,Real estate,Real Estate Agency,"11775 Bramalea Rd, Brampton, ON L6R 3S9, Canada","Google Places Text Search: ""real estate agents in Brampton, ON""",https://maps.google.com/?cid=18027617350894101960&g_mp=Cidnb29nbGUubWFwcy5wbGFjZXMudjEuUGxhY2VzLlNlYXJjaFRleHQQAhgEIAA,ChIJrWF7u-4XK4gRyCW2Wnf2Lvo,(905) 757-1313,5,471,2026-09-11,real estate agents,2026-09-11,PageSpeed Insights API v5 (mobile),13.4.1,2026-09-11T18:58:54.684Z,,24,82,69,92,31.2,3.6,1525,0.185,12426686,137,true,WordPress,Cloudflare,true,true,true,true,false,true,true,true,false,true,true,on-site booking CTA,,true,false,true,false,false,true,true,true,true,true,false,1,Buttons do not have an accessible name; Background and foreground colors do not have a sufficient contrast ratio.; Heading elements are not in a sequentially-descending order; Links do not have a discernible name; Document does not have a main landmark.,true,false,false,true,true,200,,
Sunny Purewal - RE/MAX Realty Services Inc,https://www.sunnypurewalrealestate.com/,Real estate,Real Estate Agency,"164 Sandalwood Pkwy E Suite 209, Brampton, ON L6Z 3S4, Canada","Google Places Text Search: ""real estate agents in Brampton, ON""",https://maps.google.com/?cid=14899073677821764277&g_mp=Cidnb29nbGUubWFwcy5wbGFjZXMudjEuUGxhY2VzLlNlYXJjaFRleHQQAhgEIAA,ChIJHVnp1o8WK4gRtWLwQJIkxM4,(416) 843-1313,4.9,365,2026-09-11,real estate agents,2026-09-11,PageSpeed Insights API v5 (mobile),13.4.1,2026-09-11T19:44:25.675Z,,32,62,54,85,9,4.6,1128,0.088,14723970,256,true,not identified,Cloudflare; Google,true,false,true,false,false,true,true,true,false,true,true,on-site booking CTA,schedule,true,true,true,true,true,true,true,true,true,true,false,29,"Elements with `role=""dialog""` or `role=""alertdialog""` do not have accessible names.; Buttons do not have an accessible name; Background and foreground colors do not have a sufficient contrast ratio.; `<frame>` or `<iframe>` elements do not have a title; Heading elements are not in a sequentially-descending order; `<html>` element does not have a `[lang]` attribute; Image elements do not have `[alt]` attributes; Links do not have a discernible name",false,false,false,true,true,200,,
Team Nav,http://www.teamnav.ca/,Real estate,Services,"60 Gillingham Dr #402, Brampton, ON L6X 0Z9, Canada","Google Places Text Search: ""real estate agents in Brampton, ON""",https://maps.google.com/?cid=13661555664593558229&g_mp=Cidnb29nbGUubWFwcy5wbGFjZXMudjEuUGxhY2VzLlNlYXJjaFRleHQQAhgEIAA,ChIJCUnFSl0UK4gR1RpTs36Yl70,(905) 872-2682,4.9,158,2026-09-11,real estate agents,2026-09-11,PageSpeed Insights API v5 (mobile),13.4.1,2026-09-11T19:00:43.826Z,,80,82,100,92,4.1,2.9,0,0,454854,29,true,not identified,not identified,false,false,false,false,false,false,false,false,false,false,false,,,false,false,true,false,false,false,false,false,true,false,true,0,"Background and foreground colors do not have a sufficient contrast ratio.; Lists do not contain only `<li>` elements and script supporting elements (`<script>` and `<template>`).; List items (`<li>`) are not contained within `<ul>`, `<ol>` or `<menu>` parent elements.; `[user-scalable=""no""]` is used in the `<meta name=""viewport"">` element or the `[maximum-scale]` attribute is less than 5.; Touch targets do not have sufficient size or spacing.",false,false,false,false,true,218,,
RE/MAX Gold - Garry Thind | Real Estate Agent,https://www.gtaviphomes.com/,Real estate,Real Estate Agency,"9545 Mississauga Rd Unit 13, Brampton, ON L6X 0B3, Canada","Google Places Text Search: ""real estate agents in Brampton, ON""",https://maps.google.com/?cid=6923620951983240602&g_mp=Cidnb29nbGUubWFwcy5wbGFjZXMudjEuUGxhY2VzLlNlYXJjaFRleHQQAhgEIAA,ChIJK7xCZolBK4gRmrVpqpKkFWA,(416) 702-5151,5,149,2026-09-11,real estate agents,2026-09-11,PageSpeed Insights API v5 (mobile),13.4.1,2026-09-11T19:00:59.910Z,,28,86,77,85,5.9,5.1,1559,0.148,2646792,147,true,not identified,Cloudflare,true,true,false,true,false,true,true,true,false,true,true,,,false,true,true,true,true,true,true,true,true,true,false,1,Background and foreground colors do not have a sufficient contrast ratio.; Heading elements are not in a sequentially-descending order; `<html>` element does not have a `[lang]` attribute; Links do not have a discernible name; Document does not have a main landmark.,true,false,false,true,true,200,,
Ruby Thambiah,http://www.buyandsellwithruby.com/,Real estate,Real Estate Agency,"1A - 295 Queen Street East, Brampton, ON L6W 3E7, Canada","Google Places Text Search: ""real estate agents in Brampton, ON""",https://maps.google.com/?cid=13711504840214469375&g_mp=Cidnb29nbGUubWFwcy5wbGFjZXMudjEuUGxhY2VzLlNlYXJjaFRleHQQAhgEIAA,ChIJrcVy-X9SV0AR_1oIaQENSb4,(416) 999-5337,5,145,2026-09-11,real estate agents,2026-09-11,PageSpeed Insights API v5 (mobile),13.4.1,2026-09-11T19:45:07.069Z,,45,72,59,85,17.1,5.9,453,0.039,4736320,110,true,not identified,Cloudflare; Google,true,true,true,false,false,true,true,true,false,false,true,,schedule,false,true,true,false,true,true,false,true,true,true,false,19,"Buttons do not have an accessible name; Background and foreground colors do not have a sufficient contrast ratio.; `<html>` element does not have a `[lang]` attribute; Image elements do not have `[alt]` attributes; Links do not have a discernible name; Select elements do not have associated label elements.; Document does not have a main landmark.; Elements with `role=""none""` or `role=""presentation""` have conflicts",false,true,false,false,true,200,,
Team Panag,http://www.teampanag.com/,Real estate,Real Estate Agency,"2 Automatic Rd #113, Brampton, ON L6S 6K9, Canada","Google Places Text Search: ""real estate agents in Brampton, ON""",https://maps.google.com/?cid=16732269194441997554&g_mp=Cidnb29nbGUubWFwcy5wbGFjZXMudjEuUGxhY2VzLlNlYXJjaFRleHQQAhgEIAA,ChIJ__-Pl3g9K4gR8jztVC72NOg,(905) 533-0118,4.8,138,2026-09-11,real estate agents,2026-09-11,PageSpeed Insights API v5 (mobile),13.4.1,2026-09-11T19:02:45.186Z,,47,67,73,92,25.6,10.1,348,0.01,10340482,216,true,not identified,Cloudflare; Google,true,false,true,false,false,false,true,true,false,true,true,,,true,true,true,true,true,true,true,true,true,true,false,10,Buttons do not have an accessible name; Background and foreground colors do not have a sufficient contrast ratio.; `<frame>` or `<iframe>` elements do not have a title; `<html>` element does not have a `[lang]` attribute; Image elements do not have `[alt]` attributes; Links do not have a discernible name; Select elements do not have associated label elements.; Touch targets do not have sufficient size or spacing.,false,true,false,false,true,200,,
"King Realty Inc., Brokerage",http://kingrealtyinc.ca/,Real estate,Real Estate Agency,"10 Kennedy Rd N, Brampton, ON L6V 1X4, Canada","Google Places Text Search: ""real estate agents in Brampton, ON""",https://maps.google.com/?cid=6651055672573095564&g_mp=Cidnb29nbGUubWFwcy5wbGFjZXMudjEuUGxhY2VzLlNlYXJjaFRleHQQAhgEIAA,ChIJ9_9PXdA_K4gRjO4QOeVLTVw,(905) 793-5464,4.5,134,2026-09-11,real estate agents,2026-09-11,PageSpeed Insights API v5 (mobile),13.4.1,2026-09-11T19:45:41.105Z,,52,100,81,91,8.6,6.7,81,0.165,1882641,85,true,not identified,Cloudflare; Google,true,false,true,false,false,true,true,true,true,false,true,,call now,false,true,true,false,false,false,false,true,true,true,false,0,,false,false,false,false,true,200,,
Fuzion Fitness Brampton,https://ffcanada.com/brampton/,Fitness,Gym,"20 Polonia Ave Unit 107, Brampton, ON L6Y 5W8, Canada","Google Places Text Search: ""gyms in Brampton, ON""",https://maps.google.com/?cid=3445174411667577636&g_mp=Cidnb29nbGUubWFwcy5wbGFjZXMudjEuUGxhY2VzLlNlYXJjaFRleHQQAhgEIAA,ChIJt5xzwkkVK4gRJBu2xN-3zy8,(905) 455-1770,4.2,1512,2026-09-11,gyms,2026-09-11,PageSpeed Insights API v5 (mobile),13.4.1,2026-09-11T19:47:31.419Z,,63,98,100,92,7.6,3.3,41,0.045,1660654,74,true,WordPress,Google,true,false,true,true,true,true,false,true,false,false,false,,contact us,false,false,true,true,true,true,false,false,true,true,false,0,Document does not have a main landmark.,false,false,false,false,true,200,,
Anytime Fitness,https://www.anytimefitness.ca/gyms/2287/Brampton-ON-L7A-3R9/,Fitness,Fitness center,"10906 Hurontario Street D 4,5 & 6, Brampton, ON L7A 3R9, Canada","Google Places Text Search: ""gyms in Brampton, ON""",https://maps.google.com/?cid=6196774243462797674&g_mp=Cidnb29nbGUubWFwcy5wbGFjZXMudjEuUGxhY2VzLlNlYXJjaFRleHQQAhgEIAA,ChIJw5y9jqQWK4gRatnjrldd_1U,(905) 970-9200,4.5,794,2026-09-11,gyms,2026-09-11,PageSpeed Insights API v5 (mobile),13.4.1,2026-09-11T19:06:01.494Z,,58,100,81,92,3.8,3.6,804,0,3404264,125,true,WordPress,CloudFront,true,true,true,false,false,true,true,true,false,false,true,,contact us,false,true,true,true,true,true,true,true,true,true,false,0,,false,false,false,false,true,200,,
New Method Driving School,http://newmethoddrivingschool.ca/,Education,Educational Institution,"10 Kennedy Rd N, Brampton, ON L6V 1X4, Canada","Google Places Text Search: ""driving schools in Brampton, ON""",https://maps.google.com/?cid=2083075996960779019&g_mp=Cidnb29nbGUubWFwcy5wbGFjZXMudjEuUGxhY2VzLlNlYXJjaFRleHQQAhgEIAA,ChIJEUOKRtA_K4gRC2v9JpWS6Bw,(905) 497-5759,4.7,2820,2026-09-11,driving schools,2026-09-11,PageSpeed Insights API v5 (mobile),13.4.1,2026-09-11T19:07:05.124Z,,64,97,96,91,6.2,4.3,98,0.092,1226834,82,true,not identified,Cloudflare; Google,true,false,true,false,false,true,true,true,true,false,false,,contact us,true,true,true,false,false,true,true,true,true,true,false,0,Background and foreground colors do not have a sufficient contrast ratio.,false,false,false,false,true,200,,
Competent Drivers. First Choice Of Teens. Only $531,http://www.competentdrivers.ca/,Education,Educational Institution,"965 Bovaird Dr W, Brampton, ON L6X 0G3, Canada","Google Places Text Search: ""driving schools in Brampton, ON""",https://maps.google.com/?cid=333517695878951083&g_mp=Cidnb29nbGUubWFwcy5wbGFjZXMudjEuUGxhY2VzLlNlYXJjaFRleHQQAhgEIAA,ChIJFyJXUH8WK4gRq_ArzZPkoAQ,(905) 846-8777,5,1832,2026-09-11,driving schools,2026-09-11,PageSpeed Insights API v5 (mobile),13.4.1,2026-09-11T19:07:46.400Z,,79,84,96,91,4.6,2.7,0,0,1106454,28,true,not identified,not identified,true,false,true,false,false,false,true,true,false,false,false,,schedule,true,false,false,false,false,true,false,true,true,true,false,0,Background and foreground colors do not have a sufficient contrast ratio.; Heading elements are not in a sequentially-descending order; Lists do not contain only `<li>` elements and script supporting elements (`<script>` and `<template>`).; Document does not have a main landmark.,true,true,false,false,true,200,,
Ultimate Drivers Brampton,https://www.ultimatedrivers.ca/driving-school/BRAMPTON,Education,Educational Institution,"239 Queen St E #2805, Brampton, ON L6W 2B6, Canada","Google Places Text Search: ""driving schools in Brampton, ON""",https://maps.google.com/?cid=2509478323326959251&g_mp=Cidnb29nbGUubWFwcy5wbGFjZXMudjEuUGxhY2VzLlNlYXJjaFRleHQQAhgEIAA,ChIJp822NvIVK4gRkz5yQT110yI,(905) 459-8444,4.8,1495,2026-09-11,driving schools,2026-09-11,PageSpeed Insights API v5 (mobile),13.4.1,2026-09-11T19:08:00.422Z,,23,57,77,85,6.9,6.5,807,0.342,3527800,127,true,not identified,Cloudflare; Google,true,true,true,true,true,true,true,true,false,false,true,,schedule,false,true,true,true,true,true,true,true,true,true,false,21,"`[aria-*]` attributes do not match their roles; `[aria-hidden=""true""]` elements contain focusable descendents; ARIA input fields do not have accessible names; Elements with an ARIA `[role]` that require children to contain a specific `[role]` are missing some or all of those required children.; `[aria-*]` attributes do not have valid values; Background and foreground colors do not have a sufficient contrast ratio.; Heading elements are not in a sequentially-descending order; Image elements do not have `[alt]` attributes",true,false,false,false,true,200,,
Accts Tutoring Services,http://www.acctstutoringservices.com/,Education,Services,"4 Canard Way, Brampton, ON L6R 2V4, Canada","Google Places Text Search: ""tutoring in Brampton, ON""",https://maps.google.com/?cid=7842975075721217821&g_mp=Cidnb29nbGUubWFwcy5wbGFjZXMudjEuUGxhY2VzLlNlYXJjaFRleHQQAhgEIAA,ChIJ-f5wV7IXK4gRHQebCkfY12w,(647) 473-8911,4.9,341,2026-09-11,tutoring,2026-09-11,PageSpeed Insights API v5 (mobile),13.4.1,2026-09-11T19:47:53.045Z,,49,96,56,100,22,3.8,428,0,4121647,62,true,not identified,Cloudflare,true,false,true,false,false,false,true,false,false,true,true,,contact us,false,false,true,true,true,true,true,false,true,true,false,0,`<frame>` or `<iframe>` elements do not have a title,false,false,false,false,true,200,,
"Academy for Mathematics & English, Dusk",http://www.tutoringacademy.ca/locations/ontario/dusk.php,Education,Services,"45 Dusk Dr Unit 3, Brampton, ON L6Y 5Z6, Canada","Google Places Text Search: ""tutoring in Brampton, ON""",https://maps.google.com/?cid=4653781751305988411&g_mp=Cidnb29nbGUubWFwcy5wbGFjZXMudjEuUGxhY2VzLlNlYXJjaFRleHQQAhgEIAA,ChIJbdSqCT4VK4gRO-nJlNiNlUA,(289) 201-7000,4.9,148,2026-09-11,tutoring,2026-09-11,PageSpeed Insights API v5 (mobile),13.4.1,2026-09-11T19:48:11.108Z,,25,82,52,85,18.8,6.2,2531,0.089,9422857,205,true,WordPress,not identified,true,true,true,true,true,true,true,true,true,true,true,,call now,false,true,true,true,true,true,true,true,true,true,false,0,"Background and foreground colors do not have a sufficient contrast ratio.; `<frame>` or `<iframe>` elements do not have a title; Heading elements are not in a sequentially-descending order; Links rely on color to be distinguishable.; Links do not have a discernible name; `[user-scalable=""no""]` is used in the `<meta name=""viewport"">` element or the `[maximum-scale]` attribute is less than 5.; Document does not have a main landmark.",true,true,false,false,true,200,,
Brampton Learna,http://www.bramptonlearna.com/,Education,Services,"5 Cherrycrest Drive Unit 203, Brampton, ON L6P 2R4, Canada","Google Places Text Search: ""tutoring in Brampton, ON""",https://maps.google.com/?cid=4213419325796189849&g_mp=Cidnb29nbGUubWFwcy5wbGFjZXMudjEuUGxhY2VzLlNlYXJjaFRleHQQAhgEIAA,ChIJM9aZuLE8K4gRmQbZm40SeTo,(905) 791-1222,4.9,135,2026-09-11,tutoring,2026-09-11,PageSpeed Insights API v5 (mobile),13.4.1,2026-09-11T19:10:45.171Z,,43,77,96,77,15.6,4.4,619,0,3348257,128,true,WordPress,Google,true,false,true,true,false,true,true,true,true,true,true,on-site booking CTA,contact us,false,true,true,true,true,true,false,false,true,true,false,0,Buttons do not have an accessible name; Background and foreground colors do not have a sufficient contrast ratio.; `<frame>` or `<iframe>` elements do not have a title; Heading elements are not in a sequentially-descending order; Form elements do not have associated labels; Links do not have a discernible name; Document does not have a main landmark.,true,true,false,true,true,200,,
The Planet 60,https://theplanet60.com/,Retail,Store,"1098 Peter Robertson Blvd #10, Brampton, ON L6R 1G6, Canada","Google Places Text Search: ""florists in Brampton, ON""",https://maps.google.com/?cid=329580924738626380&g_mp=Cidnb29nbGUubWFwcy5wbGFjZXMudjEuUGxhY2VzLlNlYXJjaFRleHQQAhgEIAA,ChIJF1t-nAstK4gRTGPK1xrokgQ,(437) 230-6974,4.9,2680,2026-09-11,florists,2026-09-11,PageSpeed Insights API v5 (mobile),13.4.1,2026-09-11T19:11:25.765Z,,83,96,96,92,3.7,2.6,59,0.013,6039944,78,true,WordPress,Google,true,false,true,true,true,true,true,true,false,false,true,,contact us,true,true,true,true,true,true,true,true,true,true,false,0,Background and foreground colors do not have a sufficient contrast ratio.,true,true,true,false,true,200,,
Lakeside Garden Gallery,https://lakesidegardengallery.com/,Retail,Garden Center,"10753 Heart Lake Rd, Brampton, ON L6Z 0B7, Canada","Google Places Text Search: ""florists in Brampton, ON""",https://maps.google.com/?cid=7181288900230039211&g_mp=Cidnb29nbGUubWFwcy5wbGFjZXMudjEuUGxhY2VzLlNlYXJjaFRleHQQAhgEIAA,ChIJRRHaM_YWK4gRq8aq5zQQqWM,(905) 846-3773,4.2,1147,2026-09-11,florists,2026-09-11,PageSpeed Insights API v5 (mobile),13.4.1,2026-09-11T19:11:52.652Z,,67,90,96,92,5.1,3.4,97,0,3995026,210,true,Shopify,not identified,true,false,true,true,true,false,true,true,true,true,false,,contact us,false,true,true,true,true,true,true,true,true,true,false,0,`<frame>` or `<iframe>` elements do not have a title; Links do not have a discernible name; Touch targets do not have sufficient size or spacing.,true,true,false,true,true,200,,
Radhe Radhe Puja & Decor,https://radheradhe.ca/,Retail,Store,"2710 N Park Dr #6, Brampton, ON L6S 0E9, Canada","Google Places Text Search: ""florists in Brampton, ON""",https://maps.google.com/?cid=9954067039081855591&g_mp=Cidnb29nbGUubWFwcy5wbGFjZXMudjEuUGxhY2VzLlNlYXJjaFRleHQQAhgEIAA,ChIJM9m4EcM9K4gRZ_rlrjvzI4o,(647) 479-8837,4.6,912,2026-09-11,florists,2026-09-11,not available,not available,not available,timed out,not available,not available,not available,not available,not available,not available,not available,not available,1507328,not available,true,Shopify,Cloudflare; Google,true,true,true,true,true,false,true,true,false,true,false,,,false,false,true,true,true,true,true,false,true,true,false,0,not available,false,false,false,false,true,200,,timed out
Bloomen Flower Delivery - Brampton,https://bloomen.ca/pages/brampton-flower-delivery,Retail,Florist,"16 Rutherford Rd S Unit 203, Brampton, ON L6W 3J1, Canada","Google Places Text Search: ""florists in Brampton, ON""",https://maps.google.com/?cid=16899700708990611871&g_mp=Cidnb29nbGUubWFwcy5wbGFjZXMudjEuUGxhY2VzLlNlYXJjaFRleHQQAhgEIAA,ChIJ7xCkTBwVK4gRn3HNoUHMh-o,(844) 256-6636,4.9,333,2026-09-11,florists,2026-09-11,PageSpeed Insights API v5 (mobile),13.4.1,2026-09-11T19:13:21.639Z,,75,89,96,92,6.9,2.1,0,0.03,2327422,71,true,Shopify,CloudFront; Google,true,false,true,true,false,true,true,true,false,true,true,Calendly,contact us,false,true,true,true,true,true,true,true,true,true,false,2,Heading elements are not in a sequentially-descending order; Image elements do not have `[alt]` attributes; Links do not have a discernible name,true,true,false,true,true,200,,
Punjab Jewellers,https://punjabjewellers.ca/,Retail,Jewelry Store,"20 Dewside Dr #5, Brampton, ON L6R 3Y3, Canada","Google Places Text Search: ""jewelers in Brampton, ON""",https://maps.google.com/?cid=4570144232744991289&g_mp=Cidnb29nbGUubWFwcy5wbGFjZXMudjEuUGxhY2VzLlNlYXJjaFRleHQQAhgEIAA,ChIJn_in38kXK4gROboQTfdpbD8,(905) 677-4561,4.9,4088,2026-09-11,jewelers,2026-09-11,PageSpeed Insights API v5 (mobile),13.4.1,2026-09-11T19:14:26.825Z,,22,91,96,92,35.5,2.3,632,1.007,11764276,262,true,Shopify,Google,true,false,true,true,true,false,true,true,false,true,true,,contact us,false,false,true,true,true,true,true,true,true,true,false,0,"`[aria-hidden=""true""]` elements contain focusable descendents; Background and foreground colors do not have a sufficient contrast ratio.; `<frame>` or `<iframe>` elements do not have a title",true,true,false,false,true,200,,
Dubai Jewellers Brampton – Most Trusted Luxury Jewelry Store in the Greater Toronto Area,https://dubaijewellers.ca/,Retail,Jewelry Store,"2700 N Park Dr #19, Brampton, ON L6S 0E9, Canada","Google Places Text Search: ""jewelers in Brampton, ON""",https://maps.google.com/?cid=11011928089008246901&g_mp=Cidnb29nbGUubWFwcy5wbGFjZXMudjEuUGxhY2VzLlNlYXJjaFRleHQQAhgEIAA,ChIJOWTbHIjL1IkRdZB71UA60pg,(416) 465-1200,4.9,3274,2026-09-11,jewelers,2026-09-11,PageSpeed Insights API v5 (mobile),13.4.1,2026-09-11T19:49:53.134Z,,54,78,96,92,14.2,4.3,319,0,3628916,264,true,Shopify,Cloudflare; CloudFront,true,false,true,false,false,true,true,true,false,true,true,,contact us,false,true,true,true,true,true,true,false,true,true,false,3,"Buttons do not have an accessible name; Background and foreground colors do not have a sufficient contrast ratio.; Heading elements are not in a sequentially-descending order; Links rely on color to be distinguishable.; Links do not have a discernible name; Touch targets do not have sufficient size or spacing.; Elements with `role=""none""` or `role=""presentation""` have conflicts",true,true,false,false,true,200,,
Sikh Virasat,https://www.sikhvirasat.ca/,Retail,Store,"15 Sun Pac Blvd Unit 26, Brampton, ON L6S 0E8, Canada","Google Places Text Search: ""bookstores in Brampton, ON""",https://maps.google.com/?cid=17217468644275167654&g_mp=Cidnb29nbGUubWFwcy5wbGFjZXMudjEuUGxhY2VzLlNlYXJjaFRleHQQAhgEIAA,ChIJ76Y14w89K4gRpqFyiYK88O4,(905) 789-7454,4.9,2578,2026-09-11,bookstores,2026-09-11,PageSpeed Insights API v5 (mobile),13.4.1,2026-09-11T19:17:44.005Z,,35,83,96,83,9.3,5.2,435,0.295,28309971,87,true,not identified,not identified,true,true,true,false,false,true,true,true,false,true,false,,order online,false,false,true,true,false,true,true,true,true,true,false,4,Buttons do not have an accessible name; Background and foreground colors do not have a sufficient contrast ratio.; Image elements do not have `[alt]` attributes; Links do not have a discernible name,false,false,false,false,true,200,,
